seqName,insertions
"LC654415.1 |Human respiratory syncytial virus A RSVA/TKY210101/2021 gene for attachment glycoprotein, partial cds","864:GGTCAAGAGGAAACCCTCCACTCAACCACCTCCGGAGGCTATCTAAGCCCATCACAAGTCTACACAACATCT"
"MW620481.1 |Human respiratory syncytial virus A isolate 10224-A-Apr18 attachment glycoprotein (G) gene, partial cds","798:GAGGGAACCCTCCACTCAACCACCTCCGAAGGCCATCCAAGCCCATCACAAGTCTACACAAC;800:CCGGTCAAGA"
"MW620482.1 |Human respiratory syncytial virus A isolate 10225-A-Apr18 attachment glycoprotein (G) gene, partial cds","853:ATACAACATCCGGTCAAGAGGAAACCCTCCACTCAACCACCTCCGAAGGCTATCCAAGCCCATCACAAGTCC"
"LC654414.1 |Human respiratory syncytial virus A RSVA/TKY210092/2021 gene for attachment glycoprotein, partial cds","798:GAGGAAACCCTCCACTCAACCACCTCCGAAAGCTATCCAAGCCCATCACAAGTCTATACAAC;800:CCGGTCAAGA"
"MW620485.1 |Human respiratory syncytial virus A isolate 11238-A-Apr18 attachment glycoprotein (G) gene, partial cds","798:GAGGGAACCCTCCACTCAACCACCTCCGAAGGCCATCCAAGCCCATCACAAGTCTACACAAC;800:CCGGTCAAGA"
"MW620483.1 |Human respiratory syncytial virus A isolate 11177-May19-severe attachment glycoprotein (G) gene, partial cds","798:GAGGAAACCCTCCACTCAACCACCTCCAAAGGCTATCCAAGCCCATCACAAGTCTATACAAC;800:CCGGTCAAGA"
"MW620486.1 |Human respiratory syncytial virus A isolate 11627-May19 attachment glycoprotein (G) gene, partial cds","853:ATACAACATCCGGTCAAGAGGAAACCCTCCACTCAACCACCTCCGAAGGCTATCCAAGCCCATCACAAGTCC"
"MW620484.1 |Human respiratory syncytial virus A isolate 11222-May19 attachment glycoprotein (G) gene, partial cds","787:AAACAAGTCAAGAGGAAACCCTCCTCTCAACCACCTCCGAAGGCTATCTAAGCCCA;793:GTCTATACAACATCCG"
"MW620488.1 |Human respiratory syncytial virus A isolate 11829-May19 attachment glycoprotein (G) gene, partial cds","798:GAGGAAACCCTCCACTCAACCACCCCCGAAGGCTATCCAAGCCCATCACAAGTCTATACAAC;800:CCGGTCAAGA"
"MW620489.1 |Human respiratory syncytial virus A isolate 11920-May19-severe attachment glycoprotein (G) gene, partial cds","793:GTCAARAGGAAACCCTCCMCTCAACCMCCTCCMAAGGCTATCCAAGCCCATCMCAAGTCTATACAACATCCG"
"MW620490.1 |Human respiratory syncytial virus A isolate 11931-May19 attachment glycoprotein (G) gene, partial cds","799:AGGAAACCATCCAATCAACCACCTCCGAAGGCTATCCAAGCCCATCACAAGTCTATACAACATCCGGTCAAG"
"MW620487.1 |Human respiratory syncytial virus A isolate 11823-May19-severe attachment glycoprotein (G) gene, partial cds","853:ATACAACATCCGGTCAAGAGGAAACCCTCCACTCAACCACCTCCGAAGGCTATCCAAGCCCATCACAAGTCC"
"MW620492.1 |Human respiratory syncytial virus A isolate 12073-A-May18_severe attachment glycoprotein (G) gene, partial cds","798:GAGGAAACCCTCCACTCAACCACCCCCGAAGGCTATCCAAGCCCATCACAAGTCTATACAAC;800:CCGGTCAAGA"
"MW620491.1 |Human respiratory syncytial virus A isolate 11933-May19 attachment glycoprotein (G) gene, partial cds","852:CACACAACATCCGGTCAAGAGGAGACCCTCCACTCAACCACCTCCGAAGGCCATCCAAGCCCA;854:ACAAACCCA"
"MW620493.1 |Human respiratory syncytial virus A isolate 12623-A-May18_severe attachment glycoprotein (G) gene, partial cds","853:ATACAACATCCGGTCAAGAGGAAACCCTCCACTCAACCACCTCCGAAGGCTATCCAAGCCCATCACAAGTCC"
"MW620495.1 |Human respiratory syncytial virus A isolate 12726-Jun19-severe attachment glycoprotein (G) gene, partial cds","853:ATACAACATCCGGTCAAGAGGAAACCCTCCACTCAACCACCTCCGAAGGCTATCCAAGCCCATCACAAGTCC"
"MW620496.1 |Human respiratory syncytial virus A isolate 13061-Jun19-severe attachment glycoprotein (G) gene, partial cds","798:GAGGAAACTCTCCACTCAACCACCTCCGAAGGCTATCCAAGCCCATCACAAGTCTATACAAC;800:CCGGTCAAGA"
"MW620497.1 |Human respiratory syncytial virus A isolate 13185-Jun19 attachment glycoprotein (G) gene, partial cds","787:AAACAAGTCAAGAGGAAACCCTCCTCTCAACCACCTCCGAAGGCTATCTAAGCCCA;793:GTCTATACAACATCCG"
"MW620494.1 |Human respiratory syncytial virus A isolate 12715-Jun19 attachment glycoprotein (G) gene, partial cds","787:AAACAAGTCAAGAGGAAACCCTCCTCTCAACCACCTCCGAAGGCTATCCAAGCCCA;793:GTCTATACAACATCCG"
"MW620498.1 |Human respiratory syncytial virus A isolate 13190-Jun19 attachment glycoprotein (G) gene, partial cds","798:GAGGAAACCCTCCACTCAACCACCCCCGAAGGCTATCCAAGCCCATCACAAGTCTATACAAC;800:CCGGTCAAGA"
"MW620499.1 |Human respiratory syncytial virus A isolate 13234-A-May18_severe attachment glycoprotein (G) gene, partial cds","855:ACAACATCCGGTCAAGAGGAAACCCCCCACTCAACCACCTCCGAAGGCTATCCAAGCCCATCACAAGTCCAC"
"MW620500.1 |Human respiratory syncytial virus A isolate 13709-Jun19 attachment glycoprotein (G) gene, partial cds","853:ATACAACATTCAGTCAAGAGGAAACCCTCCACTCAACCACCTCCGAAGGCTATCCAAGCCCATCACAAGTCC"
"MW620501.1 |Human respiratory syncytial virus A isolate 13710-Jun19 attachment glycoprotein (G) gene, partial cds","853:ATACAACATCCGGTCAAGAGGAAACCCTCCACTCAACCACCTCCGAAGGCTATCCAAGCCCATCACAAGTCC"
"MW620502.1 |Human respiratory syncytial virus A isolate 13732-Jun19-severe attachment glycoprotein (G) gene, partial cds","798:GAGGAAACCCTCCACTCAACCACCTCCGAAGGCTATCCAAGCCCATCACAAGTTTATACAAC;800:CCGGTCAAGA"
"MW620504.1 |Human respiratory syncytial virus A isolate 13751-Jun19 attachment glycoprotein (G) gene, partial cds","787:AAACAAGTCAAGAGAAAACCCTCCTCTCAACCACCTCCGAAGGCTATCTAAGCCCA;793:GTCTATACAACATCCG"
"MW620503.1 |Human respiratory syncytial virus A isolate 13735-A-May18_severe attachment glycoprotein (G) gene, partial cds","855:ACAACATCCGGTCAAGAGGAAACCCCCCACTCAACCACCTCCGAAGGCTATCCAAGCCCATCACAAGTCCAC"
"MW620507.1 |Human respiratory syncytial virus A isolate 14006-Jun19 attachment glycoprotein (G) gene, partial cds","787:AAACAAGTCAAGAGGAAACCCTCCTCTCAACCACCTCCGAAGGCTATCTAAGCCCA;793:GTCTATACAACATCCG"
"MW620506.1 |Human respiratory syncytial virus A isolate 14005-Jun19-severe attachment glycoprotein (G) gene, partial cds","787:AAACAAGTCAAGAGGAAACCCTCCTCTCAACCACCTCCGAAGGCTATCTAAGCCCA;793:GTCTATACAACATCCG"
"MW620505.1 |Human respiratory syncytial virus A isolate 13881-Jun19-severe attachment glycoprotein (G) gene, partial cds","798:GAGGAAACCCTCCACTCAACCACCCCCGAAGGCTATCCAAGCCTATCACAAGTCTATACAAC;800:CCGGTCAAGA"
"MW620508.1 |Human respiratory syncytial virus A isolate 14035-Jun19 attachment glycoprotein (G) gene, partial cds","799:AGGAAACCATCCACTCAACCACCTCCGAAGGCTATCCAAGCCCATCACAAGTCTATACAACATCCGATCAAG"
"MW620509.1 |Human respiratory syncytial virus A isolate 14192-A-May18_severe attachment glycoprotein (G) gene, partial cds","793:GTCAAGAGGAAACCCTCCACTCAACCACCTACAAAGGCTATCTAAGCCCATCCCAAGTCTATACAACATCCG"
"MW620510.1 |Human respiratory syncytial virus A isolate 14540-Jun19-severe attachment glycoprotein (G) gene, partial cds","865:GTCAAGAGGAAACCCTCCACTCAACCACCTCCGAAGGCTATCCAAGCCCATCACAAGTCCATACAACATCCA"
"MW620511.1 |Human respiratory syncytial virus A isolate 14552-Jun19 attachment glycoprotein (G) gene, partial cds","825:AAAGGCTATCCAAGCCCATCCCAAGTCTATACAACATCCGGTCAAGAGGAAACCCTCCACTCAACCACCTCT"
"MW620512.1 |Human respiratory syncytial virus A isolate 14566-Jun19 attachment glycoprotein (G) gene, partial cds","853:ATACAACATCCGGTCAAGAGGAAACCCTCCACTCAACCACCTCCGAAGGCTATCCAAGCCCATCACAAGTCC"
"MW620514.1 |Human respiratory syncytial virus A isolate 14942-A-May18 attachment glycoprotein (G) gene, partial cds","799:AGGAAACCCTCCACTTAACCACCTCCGAAGGCTATCTAAGCCCATCACAAGTCTATACAACATCTGGTCAAG"
"MW620515.1 |Human respiratory syncytial virus A isolate 15104-A-Jun18 attachment glycoprotein (G) gene, partial cds","819:ATCTCCGAAGGCTATCTAAGCCCATCACAAGTCTATACAACATCCGGTCAAGAGGGAACCCTCCACTCAACC"
"MW620516.1 |Human respiratory syncytial virus A isolate 15131-A-Jun18 attachment glycoprotein (G) gene, partial cds","787:AAACAAGTCAAGAGGAAACCCTCCTCTCAACCACCTCCGAAGGCCATCCAAGCCCA;793:GTCTACACAACATCCG"
"MW620513.1 |Human respiratory syncytial virus A isolate 14679-Jun19-severe attachment glycoprotein (G) gene, partial cds","852:CACACAACATCCGGTCAAGAGGAGACCCTCCACTCAACCACCTCCGAAGGCCATCCAAGCCCA;854:ACAAACCCA"
"MW620517.1 |Human respiratory syncytial virus A isolate 15145-A-Jun18 attachment glycoprotein (G) gene, partial cds","853:ATACAACATCCGGTCAAGAGGAAACCCTCCACTCAACCACCTCCGAAGGCTATCCAAGCCCATCACAAGTCC"
"MW620518.1 |Human respiratory syncytial virus A isolate 15167-Jul19 attachment glycoprotein (G) gene, partial cds","853:ATACAACATCCGGTCAAGAGGAAACCCTCCACTCAACCACCTCCGAAGGCTATCCAAGCCCATCACAAGTCC"
"MW620520.1 |Human respiratory syncytial virus A isolate 15364-A-Jun18-b attachment glycoprotein (G) gene, partial cds","853:ACACAACATCCGGTCAAGAGGAGACCCTCCACTCAACCACCTCCGAAGGCTATCCAAGCCCATCACAAGCCC"
"MW620521.1 |Human respiratory syncytial virus A isolate 15476-A-Jun18 attachment glycoprotein (G) gene, partial cds","853:ATACAACATCCGGTCAAGAGGAAACCCTCCACTCAACCACCTCCGAAGGCTATCCAAGCCCATCACAAGTCC"
"MW620522.1 |Human respiratory syncytial virus A isolate 15476-A-Jun18-b attachment glycoprotein (G) gene, partial cds","853:ATACAACATCCGGTCAAGAGGAAACCCTCCACTCAACCACCTCCGAAGGCTATCCAAGCCCATCACAAGTCC"
"MW620523.1 |Human respiratory syncytial virus A isolate 15715-Jul19 attachment glycoprotein (G) gene, partial cds","809:TCACTCAACCACCTCCGAAGGCTATCCAAGCCCACCACAAGTCCATACAACATCCGGTCAAGAGGAAACCCC"
"MW620524.1 |Human respiratory syncytial virus A isolate 15731-Jul19-severe attachment glycoprotein (G) gene, partial cds","855:ACAACATCCGGTCAAGAGGAAACCCTCCACTCAACCACCTCCGAAGGCCATCCAAGCCCATCACAAGTCTAC"
"MW620525.1 |Human respiratory syncytial virus A isolate 15796-A-Jun18 attachment glycoprotein (G) gene, partial cds","799:AGGAAACCCTCCACTCAACCACCTCCGAAGGCTATCTAAGCCCATCACAAGTCTATACAACATCCGGTCAAG"
"MW620526.1 |Human respiratory syncytial virus A isolate 15846-A-Jun18 attachment glycoprotein (G) gene, partial cds","799:AGGAAACCCTCCACTCAACCACCTCCGAAGGCTATCCAAGCCCATCACAAGTCTATACAACATCCGGCCAAG"
"MW620527.1 |Human respiratory syncytial virus A isolate 16060-Jul19-severe attachment glycoprotein (G) gene, partial cds","853:ATACAACATCCAGCCAAGAGGAAACCCTCCACTCAACCACCTCTGAAGGCTATCCAAGCCCATCACAAGTCC"
"MW620528.1 |Human respiratory syncytial virus A isolate 16061-A-Jun18_severe attachment glycoprotein (G) gene, partial cds","801:GAAACCCTCCACTCAACCACCTCCGAAGGCTATCCAAGCCCATCACAAGTCTATACAACATCCGGCCAAGAA"
"MW620529.1 |Human respiratory syncytial virus A isolate 16083-A-Jun18 attachment glycoprotein (G) gene, partial cds","853:ATACAACATCCGGTCAAGAGGAAACCCTCCACTCAACCACCTCCGAAGGCTATCCAAGCCCATCACAAGTCC"
"MW620530.1 |Human respiratory syncytial virus A isolate 16218-Jul19-severe attachment glycoprotein (G) gene, partial cds","798:GAGGAAACCCTCCACTCAACCACCCCCGAAGGCTATCCAAGCCCATCACAAGTCTATACAAC;800:CCGGTCAAGA"
"MW620531.1 |Human respiratory syncytial virus A isolate 16276-A-Jun18 attachment glycoprotein (G) gene, partial cds","840:CCACCACAAGTCTACACAACTTCCGGTCAAGAGGAAACCCTCCACTCAACCACCTCCGAAGGCTATCTAAGT"
"MW620532.1 |Human respiratory syncytial virus A isolate 16379-A-Jun18 attachment glycoprotein (G) gene, partial cds","799:AGGAAACCCTCCACTCAACCACCTCCGAAGGCTATCTAAGCCCATCACAAGTCTATACAACATCCGGTCAAG"
"MW620534.1 |Human respiratory syncytial virus A isolate 16415-Jul19-severe attachment glycoprotein (G) gene, partial cds","853:ATACAACATCCGGTCAAGAGGAAACCCTCCACTCAACCACCTCCGAAGGCTATCCAAGCCCATCACAAGTCC"
"MW620533.1 |Human respiratory syncytial virus A isolate 16382-A-Jun18 attachment glycoprotein (G) gene, partial cds","798:GAGGAAACCCTCCACTCAACCACCTCCAAAGGTTATCTGAGCCCATCACAAGTCTATACAAC;800:CCGGTCAAGA"
"MW620519.1 |Human respiratory syncytial virus A isolate 15364-A-Jun18 attachment glycoprotein (G) gene, partial cds","853:ACACAACATCCGGTCAAGAGGAGACCCTCCACTCAACCACCTCCGAAGGCTATCCAAGCCCATCACAAGCCC"
"MW620535.1 |Human respiratory syncytial virus A isolate 1643-Jan20 attachment glycoprotein (G) gene, partial cds","853:ACACTACATCCGACCAAGAGGAAACCCTCCACTCAACCACCTCCGAAGGCTATCCAAGCCCATCACAAGCCC"
"MW620536.1 |Human respiratory syncytial virus A isolate 16503-A-Jun18 attachment glycoprotein (G) gene, partial cds","793:GTCAAGAGGAAACCCTCCACTCAACCACCTACAAAGGCTATCTAAGCCCATCCCAAGTCTATACAACATCCG"
"MW620537.1 |Human respiratory syncytial virus A isolate 16614-Jul19 attachment glycoprotein (G) gene, partial cds","853:ATACAACATCCGGTCAAGAGGAAACCCTCCACTCAACCACCTCCGAAGGCTATCCAAGCCCATCACAAGTCC"
"MW620540.1 |Human respiratory syncytial virus A isolate 17218-A-Jun18 attachment glycoprotein (G) gene, partial cds","855:ACAACATCCGGTCAAGAGGAAACCCCCCACTCAACCACCTCCGAAGGCTATCCAAGCCCATCACAAGTCCAC"
"MW620541.1 |Human respiratory syncytial virus A isolate 17398-A-Jun18_severe attachment glycoprotein (G) gene, partial cds","853:ATACAACATCCGGTCAAGAGGAAACCCTCCACTCAACCACCTCCGAAGGCTATCCAAGCCCATCACAAGTCC"
"MW620543.1 |Human respiratory syncytial virus A isolate 17488-Jul19 attachment glycoprotein (G) gene, partial cds","853:ATACAACATCCGGTCAAGAGGAAACCCTCCACTCAACCACCTCCGAAGGCTATCCAAGCCCATCACAAGTCC"
"MW620542.1 |Human respiratory syncytial virus A isolate 17400-A-Jun18 attachment glycoprotein (G) gene, partial cds","853:ATACAACATCCGGTCAAGAGGAAACCCTCCACTCAACCACCTCCGAAGGCTATCCAAGCCCATCACAAGTCC"
"MW620544.1 |Human respiratory syncytial virus A isolate 17556-A-Jun18_severe attachment glycoprotein (G) gene, partial cds","853:ATACAACATCCGGTCAAGAGGAAACCCTCCACTCAACCACCTCCGAAGGCTATCCAAGCCCATCACAAGTCC"
"MW620546.1 |Human respiratory syncytial virus A isolate 17627-Jul19-severe attachment glycoprotein (G) gene, partial cds","853:ATACAACATCCGGTCAAGAGGAAACCCTCCACTCAACCACCTCCGAAGGCTATCCAAGCCCATCACAAGTCC"
"MW620547.1 |Human respiratory syncytial virus A isolate 17716-A-Jun18_severe attachment glycoprotein (G) gene, partial cds","853:ATACAACATCCGGTCAAGAGGAAACCCTCCACTCAACCACCTCCGAAGGCTATCCAAGCCCATCACAAGTCC"
"MW620549.1 |Human respiratory syncytial virus A isolate 18176-A-Jul18_severe attachment glycoprotein (G) gene, partial cds","853:ATACAACATCCGGTCAAGAGGAAACCCTCCACTCAACCACCTCCGAAGGCTATCCAAGCCCATCACAAGTCC"
"MW620550.1 |Human respiratory syncytial virus A isolate 18217-Aug19-severe attachment glycoprotein (G) gene, partial cds","787:AAACAAGTCAAGAGAAAACCCTCCTCTCAACCACCTCCGAAGGTTATCTAAGCCCA;793:GTCTATACAACATCCG"
"MW620551.1 |Human respiratory syncytial virus A isolate 18231-Aug19-severe attachment glycoprotein (G) gene, partial cds","798:GAGGAAACCCTCCACTCAACCACCTCCGAAGGCTATCTAAGCCCATCACAAGTCTATACAAC;800:CCGGTCAAGA"
"MW620538.1 |Human respiratory syncytial virus A isolate 16841-Jul19-severe attachment glycoprotein (G) gene, partial cds","853:ATACAACATTCAGTCAAGAGGAAACCCTCCACTCAACCACCTCCGAAGGCTATCCAAGCCCATCACAAGTCC"
"MW620548.1 |Human respiratory syncytial virus A isolate 18116-A-Jul18 attachment glycoprotein (G) gene, partial cds","853:ATACAACATCCGGTCAAGAGGAAACCCTCCACTCAACCACCTCCGAAGGCTATCCAAGCCCATCACAAGTCC"
"MW620552.1 |Human respiratory syncytial virus A isolate 18244-Aug19-severe attachment glycoprotein (G) gene, partial cds","853:ATACAACATCCGGTCAAGAGGAAACCCTCCACTCAACCACCTCCGAAGGCTATCCAAGCCCATCACAAGTCC"
"MW620554.1 |Human respiratory syncytial virus A isolate 18414-A-Jul18 attachment glycoprotein (G) gene, partial cds","855:ACAACATCCGGTCAAGAGGAAACCCCCCACTCAACCACCTCCGAAGGCTATCCAAGCCCATCACAAGTCCAC"
"MW620555.1 |Human respiratory syncytial virus A isolate 18846-A-Jul18_severe attachment glycoprotein (G) gene, partial cds","793:GTCAAGAGGAAACCCTCCACTCAACCACCTACAAAGGCTATCTAAGCCCATCCCAAGTCTATACAACATCCG"
"MW620553.1 |Human respiratory syncytial virus A isolate 1840-Jan20 attachment glycoprotein (G) gene, partial cds","853:ACACTACATCCGACCAAGAGGAAACCCTCCACTCAACCACCTCCGAAGGCTATCCAAGCCCATCACAAGCCC"
"MW620556.1 |Human respiratory syncytial virus A isolate 18900-A-Jul18 attachment glycoprotein (G) gene, partial cds","793:GTCAAGAGGAAACCCTCCACTCAACCACCTACAAAGGCTATCTAAGCCCATCCCAAGTCTATACAACATCCG"
"MW620557.1 |Human respiratory syncytial virus A isolate 19099-A-Jul18 attachment glycoprotein (G) gene, partial cds","840:CCATCACAAGTCTATACAACTTCCGGTCAAGAGGAAACCCTTCACTCAACCACCTCCGAAGGCTATCTAAGT"
"MW620545.1 |Human respiratory syncytial virus A isolate 17561-A-Jun18 attachment glycoprotein (G) gene, partial cds","853:ATACAACATCCGGTCAAGAGGAAACCCTCCACTCAACCACCTCCGAAGGCTATCCAAGCCCATCACAAGTCC"
"MW620558.1 |Human respiratory syncytial virus A isolate 19270-A-Jul18 attachment glycoprotein (G) gene, partial cds","853:ATACAACATCCGGTCAAGAGGAAACCCTCCACTCAACCACCTCCGAAGGCTATCCAAGCCCATCACAAGTCC"
"MW620560.1 |Human respiratory syncytial virus A isolate 19568-A-Jul18 attachment glycoprotein (G) gene, partial cds","855:ACAACATCCGGTCAAGAGGAAACCCCCCACTCAACCACCTCCGAAGGCTATCCAAGCCCATCACAAGTCCAC"
"MW620559.1 |Human respiratory syncytial virus A isolate 19517-A-Jul18_severe attachment glycoprotein (G) gene, partial cds","853:ATACAACATCCGGTCAAGAGGAAACCCTCCACTCAACCACCTCTGAAGGCTATCCAAGCCCATCACAAGTCC"
"MW620562.1 |Human respiratory syncytial virus A isolate 19804-A-Jul18 attachment glycoprotein (G) gene, partial cds","798:GAGGAAACCCTCCACTCAACCACCCCCGAAGGCTATCCAAGCCCATCACAAGTCTATACAAC;800:CCGGTCAAGA"
"MW620561.1 |Human respiratory syncytial virus A isolate 19790-A-Jul18-severe attachment glycoprotein (G) gene, partial cds","836:AAGCCCATCACAAGTCTATACAACATCCGGTCAAGAGGAAACCCTCCACTCAACCACCTCCGAAGGCTATCT"
"MW620563.1 |Human respiratory syncytial virus A isolate 19951-A-Jul18_severe attachment glycoprotein (G) gene, partial cds","853:ATACAACATCCGGTCAAGAGGAAACCCTCCACTCAACCACCTCCGAAGGCTATCCAAGCCCATCACAAGTCC"
"MW620564.1 |Human respiratory syncytial virus A isolate 19994-Aug19-severe attachment glycoprotein (G) gene, partial cds","787:AAACAAGTCAAGAGGAAACCCTTCTCTCAACCACCTCCGAAGGCTATCCAAGCCCA;793:GTCTATACAACATCCG"
"MW620567.1 |Human respiratory syncytial virus A isolate 20522-A-Jul18 attachment glycoprotein (G) gene, partial cds","798:GAGGAAACCCTCCACTCAACCACCTCCGAAGGCTATCTAAGCCCATCCCAAGTCTATACAAC;800:CCGGTCAAGA"
"MW620565.1 |Human respiratory syncytial virus A isolate 20190-Aug19-severe attachment glycoprotein (G) gene, partial cds","798:GAGGAAACCCTCCACTCAACCACCTCCAAAGGCTATCCAAGCCCATCACAAGTCTATACAAC;800:CCGGTCAAGA"
"MW620566.1 |Human respiratory syncytial virus A isolate 20475-Aug19 attachment glycoprotein (G) gene, partial cds","853:ATACAACATCCGGTCAAGAGGAAACCCTCCACTCAACCACCTCCGAAGGCTATCCAAGCCCATCACAAGTCC"
"MW620568.1 |Human respiratory syncytial virus A isolate 20684-A-Jul18 attachment glycoprotein (G) gene, partial cds","853:ATACAACATCCGGTCAAGAGGAAACCCTCCACTCAACCACCTCCGAAGGCTATCCAAGCCCATCACAAGTCC"
"MW620570.1 |Human respiratory syncytial virus A isolate 21212-Sep19-severe attachment glycoprotein (G) gene, partial cds","853:ATACAACATCCGGTCAAGAGGAAACCCTCCACTCAACCACCTCCGAAGGCTATCCAAGCCCATCACAAGTCC"
"MW620572.1 |Human respiratory syncytial virus A isolate 21453-A-Aug18 attachment glycoprotein (G) gene, partial cds","787:AAACAAGTCAAGAGGAAACCCTCCTCTCAACCACCTCCGAAGGCTATCTAAGCCCA;793:GTCTATACAACATCCG"
"MW620571.1 |Human respiratory syncytial virus A isolate 21305-A-Aug18 attachment glycoprotein (G) gene, partial cds","855:ACAACATCCGGTCAAGAGGAAACCCCCCACTTAACCACCTCCGAAGGCTATCCAAGCCTATCACAAGTCCAC"
"MW620574.1 |Human respiratory syncytial virus A isolate 21686-A-Aug18 attachment glycoprotein (G) gene, partial cds","799:AGGAAACCCTCCACTCAACCACCTCCGAAGGCTATCTAAGCCCATCACAAGTCTATACAACATCCGGTCAAG"
"MW620575.1 |Human respiratory syncytial virus A isolate 21741-A-Aug18 attachment glycoprotein (G) gene, partial cds","798:GAGGAAACCCTCCACTCAACCACCCCCGAAGGCTATCCAAGCCCATCACAAGTCTATACAAC;800:CCGGTCAAGA"
"MW620576.1 |Human respiratory syncytial virus A isolate 21858-A-Aug18 attachment glycoprotein (G) gene, partial cds","798:GAGGAAACCCTCCACTCAACCACCCCCGAAGGCTATCCAAGCCCATCACAAGTCTATACAAC;800:CCGGTCAAGA"
"MW620577.1 |Human respiratory syncytial virus A isolate 22399-Sep19 attachment glycoprotein (G) gene, partial cds","798:GAGGAAACCCTCCACTCAACCACCTCCAAAGGCTATCCAAGCCCATCACAAGTCTATACAAC;800:CCGGTCAAGA"
"MW620578.1 |Human respiratory syncytial virus A isolate 22473-Sep19 attachment glycoprotein (G) gene, partial cds","853:ATACAACATCCGGTCAAGAGGAAACCCTCCACTCAACCACCTCCGAAGGCTATCCAAGCCCATCACAAGTCC"
"MW620573.1 |Human respiratory syncytial virus A isolate 21454-A-Aug18_severe attachment glycoprotein (G) gene, partial cds","853:ATACAACATCCGGTCAAGAGGAAACCCTCCACTCAACCACCTCCGAAGGCTATCCAAGCCCATCACAAGTCC"
"MW620580.1 |Human respiratory syncytial virus A isolate 23071-Sep19 attachment glycoprotein (G) gene, partial cds","798:GAGAAAACCCTCCACTCAACCACCTCCGAAGGCTATCCAAGCCCATCACAAGTCTATACAAC;800:TCAGTCAAGA"
"MW620581.1 |Human respiratory syncytial virus A isolate 23305-A-Aug18 attachment glycoprotein (G) gene, partial cds","799:AGGAAACCATCCACTCAACCACCTCCGAAGGCTATCCAAGCCCATCACAAGTCTATACAACATCCGATCAAG"
"MW620582.1 |Human respiratory syncytial virus A isolate 23381-A-Aug18 attachment glycoprotein (G) gene, partial cds","798:GAGGAAACCCTCCACTCAACCACCTCCGAAGGCTATCTAAGCCCATCCCAAATCTATACAAC;800:CCGGTCAAGA"
"MW620579.1 |Human respiratory syncytial virus A isolate 22528-A-Aug18_severe attachment glycoprotein (G) gene, partial cds","853:ATACAACATCCGGTCAAGAGGAAACCCTCCACTCAACCACCTCCGAAGGCTATCCAAGCCCATCACAAGTCC"
"MW620569.1 |Human respiratory syncytial virus A isolate 21106-Sep19-severe attachment glycoprotein (G) gene, partial cds","853:ATACAACATCCGGTCAAGAGGAAACCCTCCACTCAACCACCTCCGAAGGCTATCCAAGCCCATCACAAGTCC"
"MW620583.1 |Human respiratory syncytial virus A isolate 23434-Oct19-severe attachment glycoprotein (G) gene, partial cds","853:ATACAACATCCGGTCAAGAGGAAACCCTCCACTCAACCACCTCCGAAGGCTATCCAAGCCCATCACAAGTCC"
"MW620584.1 |Human respiratory syncytial virus A isolate 23717-A-Sep18-severe attachment glycoprotein (G) gene, partial cds","853:ATACAACATCCGGTCAAGAGGAAACCCTCCACTCAACCACCTCCGAAGGCTATCCAAGCCCATCACAAGTCC"
"MW620585.1 |Human respiratory syncytial virus A isolate 24339-Oct19-severe attachment glycoprotein (G) gene, partial cds","853:ATACAACATCCGGTCAAGAGGAAACCCTCCACTCAACCACCTCCGAAGGCTATCCAAGCCCATCACAAGTCC"
"MW620587.1 |Human respiratory syncytial virus A isolate 24544-A-Sep18 attachment glycoprotein (G) gene, partial cds","819:ACCTCCGAAGGCTATCTAAGCCCATCACAAGTCTATACAACATCCGGTCAAGAGGAAACCCACTCAACC"
"MW620586.1 |Human respiratory syncytial virus A isolate 24431-A-Sep18 attachment glycoprotein (G) gene, partial cds","853:ATACAACATCCGGTCAAGAGGAAACCCTCCACTCAACCACCTCCGAAGGCTATCCAAGCCCATCACAAGTCC"
"MW620589.1 |Human respiratory syncytial virus A isolate 25471-A-Sep18 attachment glycoprotein (G) gene, partial cds","819:ACCTCCGAAGGCTATCTAAGCCCATCACAAGTCTATACAACATCCGGTCAAGAGGAAACCCACTCAACC"
"MW620590.1 |Human respiratory syncytial virus A isolate 2559-Mar20 attachment glycoprotein (G) gene, partial cds","853:ACACTACATCCGGTCAAGAGGAAACCCTCCACTCAACCACCTCCGAAGGCTATCCAAGCCCATCACAAGCCC"
"MW620592.1 |Human respiratory syncytial virus A isolate 27252-A-Oct18 attachment glycoprotein (G) gene, partial cds","798:GAGGAAACACTCCACTCAACCACCTCCGAAGGCTATCTAAGCCCATCCCAAATCCATACAAC;800:CCGGTCAAGA"
"MW620596.1 |Human respiratory syncytial virus A isolate 29868-A-Oct18 attachment glycoprotein (G) gene, partial cds","798:GAGGAAACCCTCCACTCAACCACCCCCGAAGGCTATCCAAGCCCATCACAAGTCTATACAAC;800:CCGGTCAAGA"
"MW620593.1 |Human respiratory syncytial virus A isolate 27356-A-Oct18 attachment glycoprotein (G) gene, partial cds","799:AGGAAACCCTCCACTCAACCACCTCCGAAGGCTATCTAAGCCCATCACAAGTCTATACAACATCCGGTCAAG"
"MW620597.1 |Human respiratory syncytial virus A isolate 30122-A-Oct18 attachment glycoprotein (G) gene, partial cds","799:AGGAAACACTCCACTCAACCACCTCCGAAGGCTATCCAAGCCCATCACAAGTCTACACAACATCCGGTCAAG"
"MW620599.1 |Human respiratory syncytial virus A isolate 30439-A-Nov18-severe attachment glycoprotein (G) gene, partial cds","798:GAGGAAACCCTCCACTCAACCACCCCCGAAGGCTATCCAAGCCCATCACAAGTCTATACAAC;800:CCGGTCAAGA"
"MW620598.1 |Human respiratory syncytial virus A isolate 30385-A-Nov18 attachment glycoprotein (G) gene, partial cds","798:GAGGAAACCCTCCACTCAACCACCCCCGAAGGCTATCCAAGCCCATCACAAGTCTATACAAC;800:CCGGTCAAGA"
"MW620601.1 |Human respiratory syncytial virus A isolate 31799-A-Nov18 attachment glycoprotein (G) gene, partial cds","798:GAGGAAACCCTCCACTCAACCACCCCCGAAGGCTATCCAAGCCCATCACAAGTCTATACAAC;800:CCGGTCAAGA"
"MW620602.1 |Human respiratory syncytial virus A isolate 3261-Feb20 attachment glycoprotein (G) gene, partial cds","787:AAACAAGTCAAGAGGAAACCCTCCTCTCAACCACCTCCGAAGGCTATCTAAGCCCA;793:GTCTATACAACATCCG"
"MW620600.1 |Human respiratory syncytial virus A isolate 30790-A-Nov18 attachment glycoprotein (G) gene, partial cds","853:ATACAACATCCGGTCAAGAGGAAACCCTCCACTCAACCACCTCCGAAGGCTATCCAAGCCCATCACAAGTCC"
"MW620604.1 |Human respiratory syncytial virus A isolate 34167-A-Dec18 attachment glycoprotein (G) gene, partial cds","853:ATACAACATCCGGTCAAGAGGAAACCCTCCACTCAACCACCTCCGAAGGCTATCCAAGCCCATCACAAGTCC"
"MW620605.1 |Human respiratory syncytial virus A isolate 3963-A-Feb18 attachment glycoprotein (G) gene, partial cds","798:GAGGAAACCCTCCACTCAACCACCTCCGAAGGCTATCTAAGCCCATCCCAAATCTATACAAC;800:CCGGTCAAGA"
"MW620611.1 |Human respiratory syncytial virus A isolate 560-Jan19 attachment glycoprotein (G) gene, partial cds","799:AGGAAACCATCCACTCAACCACCTCCGAAGGCTATCCAAGCCCATCACAAGTCTATACAACATCCGATCAAG"
"MW620612.1 |Human respiratory syncytial virus A isolate 6090-A-Mar18 attachment glycoprotein (G) gene, partial cds","798:GAGGAAACCCTCCACTCAACCACCCCCGAAGGCTATCCAAGCCCATCACAAGTCTATACAAC;800:CCGGTCAAGA"
"MW620606.1 |Human respiratory syncytial virus A isolate 4074-Feb19 attachment glycoprotein (G) gene, partial cds","798:GAGGAAACGCTCCACTCAACCACCTCCGAAGGCCATCTAAGCCCATCCCAAATCTACACAAC;800:CCGGTCAAGA"
"MW620608.1 |Human respiratory syncytial virus A isolate 4418-Feb20 attachment glycoprotein (G) gene, partial cds","855:ACAACATCCGGTCAAGAGGAAACCCTCCACTCGACCACCTCCGAAGGCTATCCAAGCCCATCACAAGTCTAC"
"MW620613.1 |Human respiratory syncytial virus A isolate 61892-Nov20 attachment glycoprotein (G) gene, partial cds","798:GAGCAAACCCCCCACTCAACCACCCCCGAAGGCCATCCAAGCCCACCACAAGTCCACACAAC;800:CCGGTCAAGA"
"MW620619.1 |Human respiratory syncytial virus A isolate 8137-Apr19 attachment glycoprotein (G) gene, partial cds","798:GAGGAAGCCCTCCACTCAACCACCTCCGAAGGCTATCCAAGCCCATCACAAGTCTATACAAC;800:CCGGTCAAGA"
"MW620616.1 |Human respiratory syncytial virus A isolate 7021-A-Mar18 attachment glycoprotein (G) gene, partial cds","853:ATACAACATCCGGTCAAGAGGAAACCCTCCACTCAACCACCTCCGAAGGCTATCCAAGCCCATCACAAGTCC"
"MW620623.1 |Human respiratory syncytial virus A isolate 8614-Apr19-severe attachment glycoprotein (G) gene, partial cds","853:ATACAACATTCAGTCAAGAGGAAACCCTCCACTCAACCACCTCCGAAGGCTATCCAAGCCCATCACAAGTCC"
"MW620622.1 |Human respiratory syncytial virus A isolate 8566-Apr19 attachment glycoprotein (G) gene, partial cds","787:AAACAAGTCAAGAGGAAACCCTCCTCTCAACCACCTCCGAAGGCTATCTAAGCCCA;793:GTCTATACAACATCCG"
"MW620624.1 |Human respiratory syncytial virus A isolate 8749-Apr19-severe attachment glycoprotein (G) gene, partial cds","853:ATACAACATCCGGTCAAGAGGAAACCCTCCACTCAACCACCTCCGAAGGCTATCCAAGCCCATCACAAGTCC"
"MW620625.1 |Human respiratory syncytial virus A isolate 9270b-Apr19-severe attachment glycoprotein (G) gene, partial cds","787:AAACAAGTCAAGAGGAAACCCTCCTCTCAACCACCTCCGAAGGCTATCTAAGCCCA;793:GTCTATACAACATCCG"
"MW620632.1 |Human respiratory syncytial virus A isolate 5823-A-Feb18-severe attachment glycoprotein (G) gene, partial cds","865:GTCAAA;909:GC;915:AGCCCATCACAAGT"
"MW620626.1 |Human respiratory syncytial virus A isolate 9277-Apr19 attachment glycoprotein (G) gene, partial cds","799:AGGAAACCATCCACTCAACCACCTCCGAAGGCTATCCAAGCCCATCACAAGTCTATACAACATCCGATCAAG"
"MW620628.1 |Human respiratory syncytial virus A isolate 9775-A-Apr18 attachment glycoprotein (G) gene, partial cds","853:ATACAACATCCGGTCAAGAGGAAACCCTCCACTCAACCACCTCCGAAGGCTATCCAAGCCCATCACAAGTCC"
"MW620634.1 |Human respiratory syncytial virus A isolate 16005-Jul19 attachment glycoprotein (G) gene, partial cds","852:CACACAACATCCGGTCAAGAGGAGACCCTCCACTCAACCACCTCCGAAGGCCATCCAAGCCCA;854:ACAAACCCA"
"MW620633.1 |Human respiratory syncytial virus A isolate 8754-A-Mar18 attachment glycoprotein (G) gene, partial cds","853:ATACAACATCCGGTCAAGAGGAAACCCTCCACTCAACCACCTCCGAAGGCTATCCAAGCCCATCACAAGTCC"
"MW620635.1 |Human respiratory syncytial virus A isolate 17627-Jul19 attachment glycoprotein (G) gene, partial cds","853:ATACAACATCCGGTCAAGAGGAAACCCTCCACTCAACCACCTCCGAAGGCTATCCAAGCCCATCACAAGTCC"
"MW620627.1 |Human respiratory syncytial virus A isolate 9750-Apr19-severe attachment glycoprotein (G) gene, partial cds","787:AAACAAGTCAAGAGGAAACCCTCCTCTCAACCACCTCCGAAGGCTATCTAAGCCCA;793:GTCTATACAACATCCG"
"MW620636.1 |Human respiratory syncytial virus A isolate 18122-B-Jul18 attachment glycoprotein (G) gene, partial cds","853:ACACAACATCCGGTCAAGAGGAGACCCTCCACTCAACCACCTCCGAAGGCTATCCAAGCCCATCACAAGCCC"
"MW620637.1 |Human respiratory syncytial virus A isolate 13473-B-May18 attachment glycoprotein (G) gene, partial cds","799:AGGAAACCCTCCACTCAACCACCTCCGAAGGCTATCTAAGCCCATCACAAGTCTATACAACATCCGGTCAAG"
"MW455129.1 |Human respiratory syncytial virus A isolate ZS2018RSV01 attachment glycoprotein (G) gene, complete cds","799:AGGAAACCCTTCACTCAACCACCTCCGAAGGCTATCTAAGCCCATCACAAGTCTATACAACATCCGGTCAAG"
"MW455130.1 |Human respiratory syncytial virus A isolate ZS2018RSV02 attachment glycoprotein (G) gene, complete cds","799:AGGAAACCCTTCACTCAACCACCTCCGAAGGCTATCTAAGCCCATCACAAGTCTATACAACATCCGGTCAAG"
"MW455131.1 |Human respiratory syncytial virus A isolate ZS2018RSV03 attachment glycoprotein (G) gene, complete cds","787:AAACAAGTCAAGAGGAAACCCTCCTCTCAACCACCTCCGAAGGCTATCTAAGCCCA;793:GTCTATACAACATCCG"
"MW455134.1 |Human respiratory syncytial virus A isolate ZS2018RSV06 attachment glycoprotein (G) gene, complete cds","787:AAACAAGTCAAGAGGAAACCCTCCTCTCAACCACCTCCGAAGGCTATCTAAGCCCA;793:GTCTATACAACATCCG"
"MW455135.1 |Human respiratory syncytial virus A isolate ZS2018RSV07 attachment glycoprotein (G) gene, complete cds","798:GAGGAAGCCCTCCACTCAACCACCTCCGAAAGCTATCTAAGCCCATCACAAGTCTATACAAC;800:CCGGTCAAGA"
"MW455132.1 |Human respiratory syncytial virus A isolate ZS2018RSV04 attachment glycoprotein (G) gene, complete cds","787:AAACAAGTCAAGAGGAAACCCTCCTCTCAACCACCTCCGAAGGCTATCTAAGCCCA;793:GTCTATACAACATCCG"
"MW026970.1 |Human respiratory syncytial virus A isolate 324/2018 attachment glycoprotein (G) gene, partial cds","798:GAGGAAACCCTCCACTCAACCACCTCCGAAGGCTATCCAAACCCATCACAAGTCTATACAAC;800:CCGGTCAAGA"
"MW026971.1 |Human respiratory syncytial virus A isolate 565/2018 attachment glycoprotein (G) gene, partial cds","798:GAGGAAACCCTCCACTCAACCACCTCCGAAGGCTATCCAAACCCATCACAAGTCTATACAAC;800:CCGGTCAAGA"
"MW026972.1 |Human respiratory syncytial virus A isolate 633/2018 attachment glycoprotein (G) gene, partial cds","798:GAGGAAACCCTCCACTCAACCACCTCCGAAGGCTATCCAAACCCATCACAAGTCTATACAAC;800:CCGGTCAAGA"
"MW026979.1 |Human respiratory syncytial virus A isolate 74/2018 attachment glycoprotein (G) gene, partial cds","861:TCCGGTCAAGAGGAAACCCTCCACTCAACCACCTCCGAAGGCTATCCAAGCCCATCACAAGTCCATACAACG"
"MW026980.1 |Human respiratory syncytial virus A isolate 699/2018 attachment glycoprotein (G) gene, partial cds","861:TCCGGTCAAGAGGAAACCCTCCACTCAACCACCTCCGAAGGCTATCCAAGCCCATCACAAGTCCATACAACG"
"MW026981.1 |Human respiratory syncytial virus A isolate 19/2018 attachment glycoprotein (G) gene, partial cds","861:TCCGGTCAAGAGGAAACCCTCCACTCAACCACCTCCGAAGGCTATCCAAGCCCATCACAAGTCCATACAACG"
"MW026982.1 |Human respiratory syncytial virus A isolate 104/2018 attachment glycoprotein (G) gene, partial cds","861:TCCGGTCAAGAGGAAACCCTCCACTCAACCACCTCCGAAGGCTATCCAAGCCCATCACAAGTCCATACAACG"
"MW026984.1 |Human respiratory syncytial virus A isolate 468/2018 attachment glycoprotein (G) gene, partial cds","798:GAGGAAACCCTCCACTCAACCACCCCTGAAGGCTATCCAAGCCCATCACAAGTCTACACAAC;800:CCGGTCAAGA"
"MW026987.1 |Human respiratory syncytial virus A isolate 89/2018 attachment glycoprotein (G) gene, partial cds","798:GAGGAAACCCTCCACTCAACCACCCCTGAAGGCTATCCAAGCCCATCACAAGTCTACACAAC;800:CCGGTCAAGA"
"MW026985.1 |Human respiratory syncytial virus A isolate 94/2018 attachment glycoprotein (G) gene, partial cds","798:GAGGAAACCCTCCACTCAACCACCCCTGAAGGCTATCCAAGCCCATCACAAGTCTACACAAC;800:CCGGTCAAGA"
"MW026988.1 |Human respiratory syncytial virus A isolate 417/2018 attachment glycoprotein (G) gene, partial cds","798:GAGGAAACCCTCCACTCAACCACCCCTGAAGGCTATCCAAGCCCATCACAAGTCTACACAAC;800:CCGGTCAAGA"
"MW026986.1 |Human respiratory syncytial virus A isolate 208/2018 attachment glycoprotein (G) gene, partial cds","798:GAGGAAACCCTCCACTCAACCACCCCTGAAGGCTATCCAAGCCCATCACAAGTCTACACAAC;800:CCGGTCAAGA"
"MW026989.1 |Human respiratory syncytial virus A isolate 379/2018 attachment glycoprotein (G) gene, partial cds","798:GAGGAAACCCTCCACTCAACCACCCCTGAAGGCTATCCAAGCCCATCACAAGTCTACACAAC;800:CCGGTCAAGA"
"MW026983.1 |Human respiratory syncytial virus A isolate 148/2018 attachment glycoprotein (G) gene, partial cds","853:ACACAACATCCGGTCAAGAGGAAACCCTCCACTCAACCACCTCCGAAGG;855:ATTCAAGCCCATCACAAGTCCAC"
"MW026990.1 |Human respiratory syncytial virus A isolate 100/2018 attachment glycoprotein (G) gene, partial cds","798:GAGGAAACCCTCCACTCAACCACCCCTGAAGGCTATCCAAGCCCATCACAAGTCTACACAAC;800:CCGGTCAAGA"
"MW026991.1 |Human respiratory syncytial virus A isolate 41/2018 attachment glycoprotein (G) gene, partial cds","836:GAGCCCATCACAAGTCCACACAACATCCGGTCAAGAGGAAACCCTCCACTCAACCACCTCCGAAGGCTATCT"
"MW282979.1 |Human respiratory syncytial virus B strain RSV/B/HuzhouS2018038/CHN attachment glycoprotein gene, partial cds","633:CCT;761:TGTG;764:GA;837:TTG;880:AG"
"MW282982.1 |Human respiratory syncytial virus B strain RSV/B/HuzhouS2018154/CHN attachment glycoprotein gene, partial cds","633:CCT;761:TGTG;764:GA;837:T;880:AG"
"MT236156.1 |Human respiratory syncytial virus A strain RSVA/SaoPaulo/LVCM10433/2019 attachment glycoprotein (G) gene, partial cds","858:ACATCCGGTCAAGAGGAAACCCTCCACTCAACCACCTCTGAAGGCTATCCAAGCCCATCACAAGTCCATACC"
"MT236158.1 |Human respiratory syncytial virus A strain RSVA/SaoPaulo/LVCM10523/2019 attachment glycoprotein (G) gene, partial cds","802:AAACCCTCCACTCAACCACCTCCGAAGGCTATCCAAGCCCATCACAAGTCTATACAACATCCGGTCAAGAGA"
"MT236159.1 |Human respiratory syncytial virus A strain RSVA/SaoPaulo/LVCM10398/2019 attachment glycoprotein (G) gene, partial cds","799:AGGAAACTCTCCACTCAACCACCTCCGAAGGCTATCTAAGCCCATCACAAGTCTATACAACATCCGGTCAAG"
"MT236157.1 |Human respiratory syncytial virus A strain RSVA/SaoPaulo/LVCM10249/2019 attachment glycoprotein (G) gene, partial cds","799:AGGAAACTCTCCACTCAACCACCTCCGAAGGCTATCTAAGCCCATCACAAGTCTATACAACATCCGGTCAAG"
"MT236161.1 |Human respiratory syncytial virus A strain RSVA/SaoPaulo/LVCM10395/2019 attachment glycoprotein (G) gene, partial cds","799:AGGAAACTCTCCACTCAACCACCTCCGAAGGCTATCTAAGCCCATCACAAGTCTATACAACATCCGGTCAAG"
"MT236162.1 |Human respiratory syncytial virus A strain RSVA/SaoPaulo/LVCM10390/2019 attachment glycoprotein (G) gene, partial cds","799:AGGAAACTCTCCACTCAACCACCTCCGAAGGCTATCTAAGCCCATCACAAGTCTATACAACATCCGGTCAAG"
"MT236160.1 |Human respiratory syncytial virus A strain RSVA/SaoPaulo/LVCM10407/2019 attachment glycoprotein (G) gene, partial cds","799:AGGAAACTCTCCACTCAACCACCTCCGAAGGCTATCTAAGCCCATCACAAGTCTATACAACATCCGGTCAAG"
"MT236163.1 |Human respiratory syncytial virus A strain RSVA/SaoPaulo/LVCM10388/2019 attachment glycoprotein (G) gene, partial cds","799:AGGAAACTCTCCACTCAACCACCTCCGAAGGCTATCTAAGCCCATCACAAGTCTATACAACATCCGGTCAAG"
"MT236164.1 |Human respiratory syncytial virus A strain RSVA/SaoPaulo/LVCM10382/2019 attachment glycoprotein (G) gene, partial cds","799:AGGAAACTCTCCACTCAACCACCTCCGAAGGCTATCTAAGCCCATCACAAGTCTATACAACATCCGGTCAAG"
"MT236165.1 |Human respiratory syncytial virus A strain RSVA/SaoPaulo/LVCM10352/2019 attachment glycoprotein (G) gene, partial cds","799:AGGAAACTCTCCACTCAACCACCTCCGAAGGCTATCTAAGCCCATCACAAGTCTATACAACATCCGGTCAAG"
"MT236166.1 |Human respiratory syncytial virus A strain RSVA/SaoPaulo/LVCM10532/2019 attachment glycoprotein (G) gene, partial cds","584:AAACAA;799:AGGAAACCATCCACTCAACCACCTCCGAAGGCTATCCAAGCCCATCACAAGTCTACACAACATCCGGTCAAG"
"MT236167.1 |Human respiratory syncytial virus A strain RSVA/SaoPaulo/LVCM10569/2019 attachment glycoprotein (G) gene, partial cds","584:AAACAA;799:AGGAAACCATCCGCTCAACCACCTCCGAAGGCTATCCAAGCCCATCACAAGTCTATACAACATCCGGTCAAG"
"MT236168.1 |Human respiratory syncytial virus A strain RSVA/SaoPaulo/LVCM10417/2019 attachment glycoprotein (G) gene, partial cds","584:AAACAA;799:AGGAAACCATCCGCTCAACCACCTCCGAAGGCTATCCAAGCCCATCACAAGTCTATACAACATCCGGTCAAG"
"MT236169.1 |Human respiratory syncytial virus A strain RSVA/SaoPaulo/LVCM10610/2019 attachment glycoprotein (G) gene, partial cds","584:AAACAA;799:AGGAAACCATCCGCTCAACCACCTCCGAAGGCTATCCAAGCCCATCACAAGTCTATACAACATCCGGTCAAG"
"MT236170.1 |Human respiratory syncytial virus A strain RSVA/SaoPaulo/LVCM10326/2019 attachment glycoprotein (G) gene, partial cds","584:AAACAA;799:AGGAAACCATCCGCTCAACCACCTCCGAAGGCTATCCAAGCCCATCACAAGTCTATACAACATCCGGTCAAG"
"MT236171.1 |Human respiratory syncytial virus A strain RSVA/SaoPaulo/LVCM10600/2019 attachment glycoprotein (G) gene, partial cds","584:AAACAA;799:AGGAAACCATCCGCTCAACCACCTCCGAAGGCTATCCAAGCCCATCACAAGTCTATACAACATCCGGTCAAG"
"MT236172.1 |Human respiratory syncytial virus A strain RSVA/SaoPaulo/LVCM10636/2019 attachment glycoprotein (G) gene, partial cds","584:AAACAA;799:AGGAAACCATCCACTCAACCACCTCCGAAGGCTATCCAAGCCCATCACAAGTCTATACAACATCCGGTCAAG"
"MT236173.1 |Human respiratory syncytial virus A strain RSVA/SaoPaulo/LVCM10524/2019 attachment glycoprotein (G) gene, partial cds","584:AAACAA;799:AGGAAACCATCCACTCAACCACCTCCGAAGGCTATCCAAGCCCATCACAAGTCTATACAACATCCGGTCAAG"
"MT236174.1 |Human respiratory syncytial virus A strain RSVA/SaoPaulo/LVCM10535/2019 attachment glycoprotein (G) gene, partial cds","584:AAACAA;799:AGGAAACCATCCACTCAACCACCTCCGAAGGCTATCCAAGCCCATCACAAGTCTATACAACATCCGGTCAAG"
"MT236175.1 |Human respiratory syncytial virus A strain RSVA/SaoPaulo/LVCM10498/2019 attachment glycoprotein (G) gene, partial cds","584:AAACAA;799:AGGAAACCATCCACTCAACCACCTCCGAAGGCTATCCAAGCCCATCACAAGTCTATACAACATCCGGTCAAG"
"MT236176.1 |Human respiratory syncytial virus A strain RSVA/SaoPaulo/LVCM10510/2019 attachment glycoprotein (G) gene, partial cds","584:AAACAA;799:AGGAAACCATCCACTCAACCACCTCCGAAGGCTATCCAAGCCCATCACAAGTCTATACAACATCCGGTCAAG"
"MT236179.1 |Human respiratory syncytial virus A strain RSVA/SaoPaulo/LVCM10617/2019 attachment glycoprotein (G) gene, partial cds","798:GAGGAAACCCTCCACTCAACCACCCCTGAAGGCTATCCAAGCCCATCACAAGTCTACACAAC;800:CCGGTCAAGA"
"MT236178.1 |Human respiratory syncytial virus A strain RSVA/SaoPaulo/LVCM10618/2019 attachment glycoprotein (G) gene, partial cds","584:AAACAA;799:AGGAAACCATCCACTCAACCACCTCCGAAGGCTATCCAAGCCCATCACAAGTCTATACAACATCCGGTCAAG"
"MT236177.1 |Human respiratory syncytial virus A strain RSVA/SaoPaulo/LVCM10517/2019 attachment glycoprotein (G) gene, partial cds","584:AAACAA;799:AGGAAACCATCCACTCAACCACCTCCGAAGGCTATCCAAGCCCATCACAAGTCTATACAACATCCGGTCAAG"
"MT236180.1 |Human respiratory syncytial virus A strain RSVA/SaoPaulo/LVCM10516/2019 attachment glycoprotein (G) gene, partial cds","798:GAGGAAACCCTCCACTCAACCACCCCTGAAGGCTATCCAAGCCCATCACAAGTCTACACAAC;800:CCGGTCAAGA"
"MT236181.1 |Human respiratory syncytial virus A strain RSVA/SaoPaulo/LVCM10212/2019 attachment glycoprotein (G) gene, partial cds","798:GAGGAAACCCTCCACTCAACCACCCCTGAAGGTTATCCAAGCCCATCACAAGTCTACACAAC;800:CCGGTCAAGA"
"MT236183.1 |Human respiratory syncytial virus A strain RSVA/SaoPaulo/LVCM10555/2019 attachment glycoprotein (G) gene, partial cds","798:GAGGAAACCCTCCACTCAACCACCCCTGAAGGCTATCCAAGCCCATCACAAGTCTACACAAC;800:CCGGTCAAGA"
"MT236184.1 |Human respiratory syncytial virus A strain RSVA/SaoPaulo/LVCM10485/2019 attachment glycoprotein (G) gene, partial cds","798:GAGGAAACCCTCCACTCAACCACCCCTGAAGGCTATCCAAGCCCATCACAAGTCTACACAAC;800:CCGGTCAAGA"
"MT236185.1 |Human respiratory syncytial virus A strain RSVA/SaoPaulo/LVCM10383/2019 attachment glycoprotein (G) gene, partial cds","798:GAGGAAACCCTCCACTCAACCACCCCTGAAGGCTATCCAAGCCCATCACAAGTCTACACAAC;800:CCGGTCAAGA"
"MT236186.1 |Human respiratory syncytial virus A strain RSVA/SaoPaulo/LVCM10497/2019 attachment glycoprotein (G) gene, partial cds","798:GAGGAAACCCTCCACTCAACCACCCCTGAAGGCTATCCAAGCCCATCACAAGTCTACACAAC;800:CCGGTCAAGA"
"MT236182.1 |Human respiratory syncytial virus A strain RSVA/SaoPaulo/LVCM10611/2019 attachment glycoprotein (G) gene, partial cds","798:GAGGAAACCCTCCACTCAACCACCCCTGAAGGCTATCCAAGCCCATCACAAGTCTACACAAC;800:CCGGTCAAGA"
"MT236188.1 |Human respiratory syncytial virus A strain RSVA/SaoPaulo/LVCM10399/2019 attachment glycoprotein (G) gene, partial cds","786:AACACGAGTCAAGAGGAAACCCTCCACTCAACCACCCCTGAAGGCTATCCAAGCCC;793:GTCTACACAACATCCG"
"MT236187.1 |Human respiratory syncytial virus A strain RSVA/SaoPaulo/LVCM10480/2019 attachment glycoprotein (G) gene, partial cds","787:ACACGAGTCAAGAGGAAACCCTCCACTCAACCACCCCTGAAGGCTATCCAAGCCCA;793:GTCTACACAACATCCG"
"MT236189.1 |Human respiratory syncytial virus A strain RSVA/SaoPaulo/LVCM10490/2019 attachment glycoprotein (G) gene, partial cds","786:AACACGAGTCAAGAGGAAACCCTCCACTCAACCACCCCTGAAGGCTATCCAAGCCC;793:GTCTACACAACATCCG"
"MT236190.1 |Human respiratory syncytial virus A strain RSVA/SaoPaulo/LVCM10565/2019 attachment glycoprotein (G) gene, partial cds","786:AACACGAGTCAAGAGGAAACCCTCCACTCAACCACCCCTGAAGGCTATCCAAGCCC;793:GTCTACACAACATCCG"
"MT236192.1 |Human respiratory syncytial virus A strain RSVA/SaoPaulo/LVCM10842/2019 attachment glycoprotein (G) gene, partial cds","860:ATCCGGTCAAGAGGAAACCCTCCACTCAACCACCTCCGAAGGCTATTCAAGCCCATCACAAGTCCACACAAT"
"MT236191.1 |Human respiratory syncytial virus A strain RSVA/SaoPaulo/LVCM10525/2019 attachment glycoprotein (G) gene, partial cds","787:ACACGAGTCAAGAGGAAACCCTCCACTCAACCACCCCTGAAGGCTATCCAAGCCCA;793:GTCTACACAACATCCG"
"MT236194.1 |Human respiratory syncytial virus A strain RSVA/SaoPaulo/LVCM10531/2019 attachment glycoprotein (G) gene, partial cds","787:ACACGAGTCAAGAGGAAACCCTCCACTCAACCACCCCTGAAGGCTATCCAAGCCCA;793:GTCTACACAACATCCG"
"MT236193.1 |Human respiratory syncytial virus A strain RSVA/SaoPaulo/LVCM10580/2019 attachment glycoprotein (G) gene, partial cds","787:ACACGAGTCAAGAGGAAACCCTCCACTCAACCACCCCTGAAGGCTATCCAAGCCCA;793:GTCTACACAACATCCG"
"MT236196.1 |Human respiratory syncytial virus A strain RSVA/SaoPaulo/LVCM10362/2019 attachment glycoprotein (G) gene, partial cds","787:ACACGAGTCAAGAGGAAACCCTCCACTCAACCACCCCTGAAGGCTATCCAAGCCCA;793:GTCTACACAACATCCG"
"MT236195.1 |Human respiratory syncytial virus A strain RSVA/SaoPaulo/LVCM10489/2019 attachment glycoprotein (G) gene, partial cds","787:ACACGAGTCAAGAGGAAACCCTCCACTCAACCACCCCTGAAGGCTATCCAAGCCCA;793:GTCTACACAACATCCG"
"MT236197.1 |Human respiratory syncytial virus A strain RSVA/SaoPaulo/LVCM10495/2019 attachment glycoprotein (G) gene, partial cds","787:ACACGAGTCAAGAGGAAACCCTCCACTCAACCACCCCTGAAGGCTATCCAAGCCCA;793:GTCTACACAACATCCG"
"MT236198.1 |Human respiratory syncytial virus A strain RSVA/SaoPaulo/LVCM10368/2019 attachment glycoprotein (G) gene, partial cds","787:ACACGAGTCAAGAGGAAACCCTCCACTCAACCACCCCTGAAGGCTATCCAAGCCCA;793:GTCTACACAACATCCG"
"MT236199.1 |Human respiratory syncytial virus A strain RSVA/SaoPaulo/LVCM10373/2019 attachment glycoprotein (G) gene, partial cds","787:ACACGAGTCAAGAGGAAACCCTCCACTCAACCACCCCTGAAGGCTATCCAAGCCCA;793:GTCTACACAACATCCG"
"MT236200.1 |Human respiratory syncytial virus A strain RSVA/SaoPaulo/LVCM10604/2019 attachment glycoprotein (G) gene, partial cds","787:ACACGAGTCAAGAGGAAACCCTCCACTCAACCACCCCTGAAGGCTATCCAAGCCCA;793:GTCTACACAACATCCG"
"MT236202.1 |Human respiratory syncytial virus A strain RSVA/SaoPaulo/LVCM10413/2019 attachment glycoprotein (G) gene, partial cds","787:ACACGAGTCAAGAGGAAACCCTCCACTCAACCACCCCTGAAGGCTATCCAAGCCCA;793:GTCTACACAACATCCG"
"MT236201.1 |Human respiratory syncytial virus A strain RSVA/SaoPaulo/LVCM10405/2019 attachment glycoprotein (G) gene, partial cds","787:ACACGAGTCAAGAGGAAACCCTCCACTCAACCACCCCTGAAGGCTATCCAAGCCCA;793:GTCTACACAACATCCG"
"MT236204.1 |Human respiratory syncytial virus A strain RSVA/SaoPaulo/LVCM10491/2019 attachment glycoprotein (G) gene, partial cds","853:ATACAACATCCGGTCAAGAGGAAACCCTCCACTCAACCACCTCCGAAGGCTATCCAAGCCCATCACAAGTCC"
"MT236205.1 |Human respiratory syncytial virus A strain RSVA/SaoPaulo/LVCM10656/2019 attachment glycoprotein (G) gene, partial cds","853:ATACAACATCCGGTCAAGAGGAAACCCTCCACTCAACCACCTCCGAAGGCTATCCAAGCCCATCACAAGTCC"
"MT236203.1 |Human respiratory syncytial virus A strain RSVA/SaoPaulo/LVCM10529/2019 attachment glycoprotein (G) gene, partial cds","787:ACACGAGTCAAGAGGAAACCCTCCACTCAACCACCCCTGAAGGCTATCCAAGCCCA;793:GTCTACACAACATCCG"
"MT236209.1 |Human respiratory syncytial virus A strain RSVA/SaoPaulo/LVCM10599/2019 attachment glycoprotein (G) gene, partial cds","853:ATACAACATCCGGTCAAGAGGAAACCCTCCACTCAACCACCTCCAAGGGCTATCCAGGCCCATCACAAGTCC"
"MT236206.1 |Human respiratory syncytial virus A strain RSVA/SaoPaulo/LVCM10337/2019 attachment glycoprotein (G) gene, partial cds","853:ATACAACATCCGGTCAAGAGGAAACCCTTCACTCAACCACCTCCGAAGGCTATCCAAGCCCATCACAAGTCC"
"MT236208.1 |Human respiratory syncytial virus A strain RSVA/SaoPaulo/LVCM10415/2019 attachment glycoprotein (G) gene, partial cds","853:ATACAACATCCGGTCAAGAGGAAACCCTCCACTCAACCACCTCCGAGGGCTATCCAGGCCCATCACAAGTCC"
"MT236207.1 |Human respiratory syncytial virus A strain RSVA/SaoPaulo/LVCM10547/2019 attachment glycoprotein (G) gene, partial cds","853:ATACAACATCCGGTCAAGAGGAAACCCTTCACTCAACCACCTCCGAAGGCTATCCAAGCCCATCACAAGTCC"
"MT236210.1 |Human respiratory syncytial virus A strain RSVA/SaoPaulo/LVCM10313/2019 attachment glycoprotein (G) gene, partial cds","853:ATACAACATCCGGTCAAGAGGAAACCCTCCACTCAACCACCTCCGAAGGCTATCCAAACCCATCACAAGTCC"
"MT236211.1 |Human respiratory syncytial virus A strain RSVA/SaoPaulo/LVCM10414/2019 attachment glycoprotein (G) gene, partial cds","853:ATACAACATCCGGTCAAGAGGAAACCCTCCACTCAACCACCTCCGAAGGCTATCCAAACCCATCACAAGTCC"
"MT236213.1 |Human respiratory syncytial virus A strain RSVA/SaoPaulo/LVCM10536/2019 attachment glycoprotein (G) gene, partial cds","798:GAGGAAACCCTCCACTCAACCACCTCCGACGGCTATCCAAGCCCATCACAAGTCTATACAAC;800:CCGGTCAAGA"
"MT236214.1 |Human respiratory syncytial virus A strain RSVA/SaoPaulo/LVCM10365/2019 attachment glycoprotein (G) gene, partial cds","853:ATACAACATCCGGCCAAGAGGAAACCCTCCACTCAACCACCTCCGAAGGCTATCCAAGCCCATCACAAGTCC"
"MT236212.1 |Human respiratory syncytial virus A strain RSVA/SaoPaulo/LVCM10392/2019 attachment glycoprotein (G) gene, partial cds","798:GAGGAAACCCTCCACTCAACCACCTCCGACGGCTATCCAAGCCCATCACAAGTCTATACAAC;800:CCGGTCAAGA"
"MT236215.1 |Human respiratory syncytial virus A strain RSVA/SaoPaulo/LVCM10500/2019 attachment glycoprotein (G) gene, partial cds","853:ATACAACATCCGGCCAAGAGGAAACCCTCCACTCAACCACCTCCGAAGGCTATCCAAGCCCATCACAAGTCC"
"MT236216.1 |Human respiratory syncytial virus A strain RSVA/SaoPaulo/LVCM10563/2019 attachment glycoprotein (G) gene, partial cds","798:GAGGAAACCCTCCACTCAACCACCTCCGAAGGCTATCCAAGCCCATCACAGGTCTATACAAC;800:CCGGTCAAGA"
"MT236217.1 |Human respiratory syncytial virus A strain RSVA/SaoPaulo/LVCM10804/2019 attachment glycoprotein (G) gene, partial cds","798:GAGGAAACCCTCCACTCAACCACCTCCGAAGGCTATCCAAGCCCATCACAGGTCTATACAAC;800:CCGGTCAAGA"
"MT236218.1 |Human respiratory syncytial virus A strain RSVA/SaoPaulo/LVCM10484/2019 attachment glycoprotein (G) gene, partial cds","798:GAGGAAACCCTCCACTCAACCACCTCCGAAGGCTATCCAAGCCCATCACAGGTCTATACAAC;800:CCGGTCAAGA"
"MT236220.1 |Human respiratory syncytial virus A strain RSVA/SaoPaulo/LVCM10404/2019 attachment glycoprotein (G) gene, partial cds","853:ATACAACATCCGGTCAAGAGGAAACCCTCCACTCAACCACCTCCGAAGGCTATCCAAGCCCATCACAAGTCC"
"MT236219.1 |Human respiratory syncytial virus A strain RSVA/SaoPaulo/LVCM10793/2019 attachment glycoprotein (G) gene, partial cds","853:ATACAACATCCGGTCAAGAGGAAACCCTCCACTCAACCACCTCCGAAGGCTATCCAAGCCCATCACAAGTCC"
"MT236222.1 |Human respiratory syncytial virus A strain RSVA/SaoPaulo/LVCM10386/2019 attachment glycoprotein (G) gene, partial cds","798:GAGAAAACCCTCCACTCAACCACCTCCGAAGGCTATCCAAGCCCATCACAAGTCTATACAAC;800:CCGGTCAAGA"
"MT236223.1 |Human respiratory syncytial virus A strain RSVA/SaoPaulo/LVCM10266/2019 attachment glycoprotein (G) gene, partial cds","853:ATACAACATCCGGTCAAGAGGAAACCCTCCACTCAACCACCTCCGAAGGCTATCCAAGCCCATCACAAGTCC"
"MT236224.1 |Human respiratory syncytial virus A strain RSVA/SaoPaulo/LVCM9422/2018 attachment glycoprotein (G) gene, partial cds","798:GAGGCAACCCTCCACCCAACCACCTCCGAAGGCTATCCAAGCCCATCACAAGTCTATACAAC;800:CCGGTCAAGA"
"MT236221.1 |Human respiratory syncytial virus A strain RSVA/SaoPaulo/LVCM10542/2019 attachment glycoprotein (G) gene, partial cds","853:ATACAACATCCGGTCAAGAGGAAACCCTCCACTCAACCACCTCCGAAGGCTATCCAAGCCCATCACAAGTCC"
"MT236225.1 |Human respiratory syncytial virus A strain RSVA/SaoPaulo/LVCM9531/2018 attachment glycoprotein (G) gene, partial cds","798:GAGGAAACCCTCCACTCAACCACCTCCGAAGGCTATCCAAGCCCATCACAAGTCCATACAAC;800:CCGGTCAAGA"
"MT236226.1 |Human respiratory syncytial virus A strain RSVA/SaoPaulo/LVCM9499/2018 attachment glycoprotein (G) gene, partial cds","855:ACAACATCCGGTCAAGAGGAAACCCCCCACTCAACCACCTCCGAAGGCTATCCAAGCCCATCACAAGTCCAC"
"MT236227.1 |Human respiratory syncytial virus A strain RSVA/SaoPaulo/LVCM9470/2018 attachment glycoprotein (G) gene, partial cds","853:ATACAACATCCGGTCAAGAGGATACCCTCCACTCAACCACCTCCGAAGGCTATCCAAGCCCATCACAAGTCC"
"MT236228.1 |Human respiratory syncytial virus A strain RSVA/SaoPaulo/LVCM9582/2018 attachment glycoprotein (G) gene, partial cds","853:ATACAACATCCGGTCAAGAGGATACCCTCCACTCAACCACCTCCGAAGGCTATCCAAGCCCATCACAAGTCC"
"MT236229.1 |Human respiratory syncytial virus A strain RSVA/SaoPaulo/LVCM9716/2018 attachment glycoprotein (G) gene, partial cds","584:AAACAA;799:AGGAAACCATCCACTCAACCACCTCCGAAGGCTATCCAAGCCCATCACAAGTCTATACAACATCCGGTCAAG"
"MT236230.1 |Human respiratory syncytial virus A strain RSVA/SaoPaulo/LVCM9453/2018 attachment glycoprotein (G) gene, partial cds","855:ACAACATCCGGTCAAGAGGAAACCCCCCACTCAACCACCTCCGAAGGCTATCCAAGCCCATCACAAGTCCAC"
"MT236232.1 |Human respiratory syncytial virus A strain RSVA/SaoPaulo/LVCM9625/2018 attachment glycoprotein (G) gene, partial cds","836:AAGCCCATCCCAAGTCTATACAACATCCAGTCAAGAGGAAACCCTCCACTCAACCACCTCCGAAGGCTATCT"
"MT236231.1 |Human respiratory syncytial virus A strain RSVA/SaoPaulo/LVCM9521/2018 attachment glycoprotein (G) gene, partial cds","855:ACAACATCCGGTCAAGAGGAAACCCCCCACTCAACCACCTCCGAAGGCTATCCAAGCCCATCACAAGTCCAC"
"MT236235.1 |Human respiratory syncytial virus A strain RSVA/SaoPaulo/LVCM9963/2018 attachment glycoprotein (G) gene, partial cds","853:ATACAACATCCGGTCAAGAGGAAACCCTCCACTCAACCACCTCCGAAGGCTATCCAAGCCCATCACAAGTCC"
"MT236234.1 |Human respiratory syncytial virus A strain RSVA/SaoPaulo/LVCM10149/2018 attachment glycoprotein (G) gene, partial cds","855:ACAACATCCGGTCAAGAGGAAACCCTCCACTCAACCACCTCCGAAGGCTATCCAAGCCCATCACAAGTCCAC"
"MT236233.1 |Human respiratory syncytial virus A strain RSVA/SaoPaulo/LVCM9631/2018 attachment glycoprotein (G) gene, partial cds","853:ATACAACATCCGGTCAAGAGGAAACCCTCCACTCAACCACCTCCGAAGGCTATCCAAGCCCATCACAAGTCC"
"MT236236.1 |Human respiratory syncytial virus A strain RSVA/SaoPaulo/LVCM10111/2018 attachment glycoprotein (G) gene, partial cds","853:ATACAACATCCGGTCAAGAGGAAACCCTCCACTCAACCACCTCCGAAGGCTATCCAAGCCCATCACAAGTCC"
"MT236239.1 |Human respiratory syncytial virus A strain RSVA/SaoPaulo/LVCM10110/2018 attachment glycoprotein (G) gene, partial cds","853:ATACAACATCCGGTCAAGAGGAAACCCTCCACTCAACCACCTCCGAAGGCTATCCAAGCCCATCACAAGTCC"
"MT236238.1 |Human respiratory syncytial virus A strain RSVA/SaoPaulo/LVCM9504/2018 attachment glycoprotein (G) gene, partial cds","853:ATACAACATCCGGTCAAGAGGAAACCCTTCACTCAACCACCTCCGAAGGCTATCCAAGCCCATCACAAGTCC"
"MT236240.1 |Human respiratory syncytial virus A strain RSVA/SaoPaulo/LVCM9984/2018 attachment glycoprotein (G) gene, partial cds","853:ATACAACATCCGGTCAAGAGGAAACCCTCCACTCAACCACCTCCGAAGGCTATCCAAGCCCATCACAAGTCC"
"MT236237.1 |Human respiratory syncytial virus A strain RSVA/SaoPaulo/LVCM9506/2018 attachment glycoprotein (G) gene, partial cds","853:ATACAACATCCGGTCAAGAGGAAACCCTTCACTCAACCACCTCCGAAGGCTATCCAAGCCCATCACAAGTCC"
"MT236241.1 |Human respiratory syncytial virus A strain RSVA/SaoPaulo/LVCM10145/2018 attachment glycoprotein (G) gene, partial cds","853:ATACAACATCCGGTCAAGAGGAAACCCTCCACTCAACCACCTCCGAAGGCTATCCAAGCCCATCACAAGTCC"
"MT236242.1 |Human respiratory syncytial virus A strain RSVA/SaoPaulo/LVCM9756/2018 attachment glycoprotein (G) gene, partial cds","861:TCCGGTCAAGAGGAAACCCTCCACTCAACCACCTCCGAAGGCTATCCAAGCCCATCACAAGTCCATACAACG"
"MT236243.1 |Human respiratory syncytial virus A strain RSVA/SaoPaulo/LVCM9888/2018 attachment glycoprotein (G) gene, partial cds","798:GAGGAAACCCTCCACTCAACCACCCCTGAAGGCTATCCAAGCCCATCACAAGTCTACACAAC;800:CCGGTCAAGA"
"MT236244.1 |Human respiratory syncytial virus A strain RSVA/SaoPaulo/LVCM9951/2018 attachment glycoprotein (G) gene, partial cds","798:GAGGAAACCCTCCACTCAACCACCCCTGAAGGCTATCCAAGCCCATCACAAGTCTACACAAC;800:CCGGTCAAGA"
"MT236245.1 |Human respiratory syncytial virus A strain RSVA/SaoPaulo/LVCM9939/2018 attachment glycoprotein (G) gene, partial cds","798:GAGGAAACCCTCCACTCAACCACCCCTGAAGGCTATCCAAGCCCATCACAAGTCTACACAAC;800:CCGGTCAAGA"
"MN463622.1 |Human orthopneumovirus strain HRSVA/TamilNadu/MCVR0092AE/2018 attachment glycoprotein (G) and fusion protein (F) genes, partial cds","868:CAAGAGGAA;896:GG;910:CAC"
"MT236247.1 |Human respiratory syncytial virus A strain RSVA/SaoPaulo/LVCM10057/2018 attachment glycoprotein (G) gene, partial cds","798:GAGGAAACCCTCCACTCAACCACCCCTGAAGGCTATCCAAGCCCATCACAAGTCTACACAAC;800:CCGGTCAAGA"
"MT236246.1 |Human respiratory syncytial virus A strain RSVA/SaoPaulo/LVCM10024/2018 attachment glycoprotein (G) gene, partial cds","798:GAGGAAACCCTCCACTCAACCACCCCTGAAGGCTATCCAAGCCCATCACAAGTCTACACAAC;800:CCGGTCAAGA"
"LC552117.1 |Respiratory syncytial virus type A RSA/18M26 G gene for attachment glycoprotein, partial cds","793:GTCAAAAGGAAACCCTCCACTCAACCACCTCCGAAGGCTATCTAAGCCCATCACAAGTCTATACAACATCCG"
"LC552118.1 |Respiratory syncytial virus type A RSA/18M32 G gene for attachment glycoprotein, partial cds","793:GTCAAAAGGAAACCCTCCACTCAACCACCTCCGAAGGCTATCTAAGCCCATCACAAGTCTATACAACATCCG"
"LC552119.1 |Respiratory syncytial virus type A RSA/18M86 G gene for attachment glycoprotein, partial cds","855:ACAACATCCGGTCAAGAGGAAACCCTCCACTCAACCACCACCGAAGGCTATCTAAGCCCATCACAAGTCCAC"
"LC552120.1 |Respiratory syncytial virus type A RSA/18M91 G gene for attachment glycoprotein, partial cds","853:ACACAACATCCGGTCAAGAGGAAACCCTCCACTCAACCACCTCCGAAGGCTATCCAAGCCCATCACAAGCCC"
"LC552121.1 |Respiratory syncytial virus type A RSA/18M98 G gene for attachment glycoprotein, partial cds","793:GTCAAAAGGAAACCCTCCACTCAACCACCTCCGAAGGCTATCTAAGCCCATCACAAGTCTATACAACATCCG"
"LC552122.1 |Respiratory syncytial virus type A RSA/18M102 G gene for attachment glycoprotein, partial cds","793:GTCAAAAGGAAACCCTCCACTCAACCACCTCCGAAGGCTATCTAAGCCCATCACAAGTCTATACAACATCCG"
"LC552124.1 |Respiratory syncytial virus type A RSA/18M247 G gene for attachment glycoprotein, partial cds","793:GTCAAAAGGAAACCCTCCACTCAACCACCTCCGAAGGCTATCTAAGCCCATCACAAGTCTATACAACATCCG"
"LC552125.1 |Respiratory syncytial virus type A RSA/18M248 G gene for attachment glycoprotein, partial cds","853:ACACAACATCCGGTCAAGAGGAAACCCTCCACTCAACCACCTCCGAAGGCTATCCAAGCCCATCACAAGCCC"
"LC552126.1 |Respiratory syncytial virus type A RSA/18M256 G gene for attachment glycoprotein, partial cds","793:GTCAAAAGGAAACCCTCCACTCAACCACCTCCGAAGGCTATCTAAGCCCATCACAAGTCTATACAACATCCG"
"LC552127.1 |Respiratory syncytial virus type A RSA/18M282 G gene for attachment glycoprotein, partial cds","799:AGGAAACCCTCCACTCAACCACCTCCGAAGGCTATCTAAGCCCATCACAAGTCTATACAACATCCGGTCATG"
"LC552128.1 |Respiratory syncytial virus type A RSA/18M310 G gene for attachment glycoprotein, partial cds","823:CTGAAGGCCATCTAAGCCCATCCCAAATCTATACAACATCCGGTCAAGAGGAAACCCTCCACTCAACCACCA"
"LC552123.1 |Respiratory syncytial virus type A RSA/18M225 G gene for attachment glycoprotein, partial cds","793:GTCAAAAGGAAACCCTCCACTCAACCACCTCCGAAGGCTATCTAAGCCCATCACAAGTCTATACAACATCCG"
"LC552131.1 |Respiratory syncytial virus type A RSA/18M375 G gene for attachment glycoprotein, partial cds","853:ACACAACATCCGGTCAAGAGGAGACCCTCCACTCAACCACCTCCGAAGGCTATCCAAGCCCATCACAAGCCC"
"LC552132.1 |Respiratory syncytial virus type A RSA/18M413 G gene for attachment glycoprotein, partial cds","793:GTCAAAAGGAAACCCTCCACTCAACCACCTCCGAAGGCTATCTAAGCCCATCACAAGTCTATACAACATCCG"
"LC552130.1 |Respiratory syncytial virus type A RSA/18M372 G gene for attachment glycoprotein, partial cds","793:GTCAAAAGGAAACCCTCCACTCAACCACCTCCGAAGGCTATCTAAGCCCATCACAAGTCTATACAACATCCG"
"LC552133.1 |Respiratory syncytial virus type A RSA/18M431 G gene for attachment glycoprotein, partial cds","793:GTCAAAAGGAAACCCTCCACTCAACCACCTCTGAAGGCTATCTAAGCCCATCACAAGTCTATACAACATCCG"
"LC552129.1 |Respiratory syncytial virus type A RSA/18M317 G gene for attachment glycoprotein, partial cds","855:ACAACATCCGGTCAAGAGGAAACCCTCCACTCAACCACCACCGAAGGCTATCTAAGCCCATCACAAGTCCAC"
"MN945122.1 |Human orthopneumovirus isolate NCIPD 148 attachment glycoprotein (G) gene, partial cds","799:AGGAAACCATCCACTCAACCACCTCCGAAGGCTATCCAAGCCCATCACAAGTCTATACAACATCCGATCAAG"
"MN945123.1 |Human orthopneumovirus isolate NCIPD 271 attachment glycoprotein (G) gene, partial cds","798:GAGGAAACCCTCCACTCAACCACCTCCGAAGGCTATCTAAGCCCATCCCAAGTCTATACAAC;800:CCAGTCAAGA"
"MN945132.1 |Human orthopneumovirus isolate NCIPD 809 attachment glycoprotein (G) gene, partial cds","853:ATACAACATCCGGTCAAGAGGAAACCCTCCACTCAACCACCTCCGAAGGCTATCCAAGCCCATCACAAGTCC"
"MN945133.1 |Human orthopneumovirus isolate NCIPD 903 attachment glycoprotein (G) gene, partial cds","853:ATACAACATCCGGTCAAGAGGAAACCCTCCACTCAACCACCTCCGAAGGCTATCCAAGCCCATCACAAGTCC"
"MN945134.1 |Human orthopneumovirus isolate NCIPD 974 attachment glycoprotein (G) gene, partial cds","798:GAGGAAACCCTCCACTCAACCACCTCCGAAGGCTATCTAAGCCCATCCCAAGTCTATACAAC;800:CCAGTCAAGA"
"MN945135.1 |Human orthopneumovirus isolate NCIPD 1028 attachment glycoprotein (G) gene, partial cds","798:GAGGAAACCCTCCACTCAACCACCTCCGAAGGCTATCTAAGCCCATCACAAGTCTATACAAC;800:CCGGTCAAGA"
"MN945136.1 |Human orthopneumovirus isolate NCIPD 1032 attachment glycoprotein (G) gene, partial cds","799:AGGAAACCCTCCACTCAACCACCTCCGAAGGCTATCTAAGCCCATCACAAGTCTATACAACATCCGGTCAAG"
"MN945137.1 |Human orthopneumovirus isolate NCIPD 1110 attachment glycoprotein (G) gene, partial cds","836:AAGCCCATCACAAGTCCATACAACATCCGGTCAAGAGGAAACCCTCCACTCAACCACCTCCGAAGGCTATCT"
"MT156424.1 |Human respiratory syncytial virus A isolate 1801181.RM attachment glycoprotein (G) gene, partial cds","853:ACACAACATCCGGTCAAGAGAAGACCCTCCACTCAACCACCTCCGAAGGCTATCCAAGCCCATCACAAGCCC"
"MT156423.1 |Human respiratory syncytial virus A isolate 1801173.RM attachment glycoprotein (G) gene, partial cds","853:ACACAACATCCGGTCAAGAGGAGACCCTCCACTCAACCACCTCCGAAGGCTATCCAAGCCCATCACAAGCCC"
"MT156425.1 |Human respiratory syncytial virus A isolate 1801191.RM attachment glycoprotein (G) gene, partial cds","853:ACACAACATCCGGTCAAGAGGAGACCCTCCACTCAACCACCTCCGAAGGCTATCCAAGCCCATCACAAGCCC"
"MT156426.1 |Human respiratory syncytial virus A isolate 1801203.RM attachment glycoprotein (G) gene, partial cds","855:ACAACATCCGGTCAAGTGGAAACCCCCCATTCAACCACCTCCGAAGGCTATCCAAGCCCATCACAAGTCCAC"
"MT156428.1 |Human respiratory syncytial virus A isolate 1801236.RM attachment glycoprotein (G) gene, partial cds","798:GAGGAAACCCTTCACTCAACCACCTCCGAAGGCTATCTAAACCCATCCCAAATCTATACAAC;800:CCGGTCAAGA"
"MT156430.1 |Human respiratory syncytial virus A isolate 1802281.RM attachment glycoprotein (G) gene, partial cds","798:GAGGAAACCCTTCACTCAACCACCTCCGAAGGCTATCTAAACCCATCCCAAATCTATACAAC;800:CCGGTCAAGA"
"MT156427.1 |Human respiratory syncytial virus A isolate 1801220.RM attachment glycoprotein (G) gene, partial cds","798:GAGGAAACCCTCCACTCAACCACCTCCGAAGGCTATCCAAGCCCATCACAAGTCCATACAAC;800:CCGGTCAAGA"
"MT156429.1 |Human respiratory syncytial virus A isolate 1801241.RM attachment glycoprotein (G) gene, partial cds","802:AAACCCTCCACTCAACCACCTCCGAAGGCTATCCAAGCCCATCACAAGTCTATACAACATCCGGTCAAGAGA"
"MT156432.1 |Human respiratory syncytial virus A isolate 1802290.RM attachment glycoprotein (G) gene, partial cds","852:CACACAACATCCGGTCAAGAGGAAACCCTCCACCCAACCACCTCCGAAGGCCATCCAAGCCCACCACAAG;854:CA"
"MN704890.1 |Human orthopneumovirus isolate 18-Greece-2018 attachment glycoprotein (G) gene, partial cds","864:GGTCAA;900:CCTCCGAAGGCTAT;910:CAC"
"MN704891.1 |Human orthopneumovirus isolate 21-Greece-2018 attachment glycoprotein (G) gene, partial cds","864:GGTCAA;909:GC;915:AGCCCATCACAAGT"
"MN704892.1 |Human orthopneumovirus isolate 23-Greece-2018 attachment glycoprotein (G) gene, partial cds","864:GGTCAG;909:GC;915:AGCCCATCACAAGT"
"MT156433.1 |Human respiratory syncytial virus A isolate 1803303.RM attachment glycoprotein (G) gene, partial cds","809:CCACTCAACCACCTCCGAAGGCTATCTAAGCCCATCACAAGTCTATACAACATCCGGTCAAGAGGAAACCCC"
"MN122462.1 |Human respiratory syncytial virus A isolate RSVA/Portugal/H7-12/2017-18 attachment glycoprotein (G) gene, partial cds","787:AAACAAGTCAAGAGGAAACCCTCCTCTCAACCACCTCCGAAGGCTATCTAAGCCCA;793:GTCTATACAACATCCG"
"MN122482.1 |Human respiratory syncytial virus A isolate RSVA/Portugal/H16-20/2017-18 attachment glycoprotein (G) gene, partial cds","799:AGGAAACCCTCCACTCAACCACCTCCGAAGGCTATCTAAGCCCATCACAAGTCTATACAACATCCGGTCAAG"
"MN122483.1 |Human respiratory syncytial virus A isolate RSVA/Portugal/H14-3/2017-18 attachment glycoprotein (G) gene, partial cds","799:AGGAAACCCTCCACTCAACCACCTCCGAAGGCTATCTAACCCCATCACAAGTCTATACAACATCCGGTCAAG"
"MN122485.1 |Human respiratory syncytial virus A isolate RSVA/Portugal/H20-10/2017-18 attachment glycoprotein (G) gene, partial cds","816:ACCACCTCCGAAGGCTATCTAAGCCCATCACAAGTCTATACAACATCCGGTCAAGAGGAAACCCTCCACTCG"
"MT156431.1 |Human respiratory syncytial virus A isolate 1802286.RM attachment glycoprotein (G) gene, partial cds","836:AAACCCATCCCAAATCTATACAACATCCGGTCAAGAGGAAACCCTCCACTCAACCACCTCCGTAGGCTATCT"
"MN122484.1 |Human respiratory syncytial virus A isolate RSVA/Portugal/H19-5/2017-18 attachment glycoprotein (G) gene, partial cds","816:ACCACCTCCGAAGGCTATCTAAGCCCATCACAAGTCTATACAACATCCGGTCAAGAGGAAACCCTCCACTCG"
"MN122486.1 |Human respiratory syncytial virus A isolate RSVA/Portugal/H11-13/2017-18 attachment glycoprotein (G) gene, partial cds","816:ACCACCTCCGAAGGCTATCTAAGCCCATCACAAGTCTATACAACATCCGGTCAAGAGGAAACCCTCC;820:GACCA"
"MN122498.1 |Human respiratory syncytial virus A isolate RSVA/Portugal/H20-1/2017-18 attachment glycoprotein (G) gene, partial cds","802:AAACCCTCCACTCAACCACCTCCGAAGGCTATCCAAGCCCATCACAAGTCTATACAACATCCGGTCAAGAGA"
"MN122499.1 |Human respiratory syncytial virus A isolate RSVA/Portugal/H20-23/2017-18 attachment glycoprotein (G) gene, partial cds","826:AAGGCTATCCAAGCCCATCACAAGTCTATACAACATCCGGTCAAGAGAAAACCCTCCACTCAACCACCTCCA"
"MN122532.1 |Human respiratory syncytial virus A isolate RSVA/Portugal/H20-25/2017-18 attachment glycoprotein (G) gene, partial cds","798:GAGGAAACCCTTCACTCAACCACCTCCGAAGGCTATCTAAACCCATCCCAAATCTATACAAC;800:CCGGTCAAGA"
"MN122543.1 |Human respiratory syncytial virus A isolate RSVA/Portugal/H6-6/2017-18 attachment glycoprotein (G) gene, partial cds","798:GAAGAAACCCTCCACTCAACCACCTCCGAAGGCTATCCAAGCCCATCACAAGTCTATACAAC;800:CCGGTCAAGA"
"MN122544.1 |Human respiratory syncytial virus A isolate RSVA/Portugal/H6-11/2017-18 attachment glycoprotein (G) gene, partial cds","798:GAGGAAACCCTCCACTCAACCACCTCCGAAGGCTATCCAAGCCTATCACAAGTCTATATAAC;800:CCGGTCAAGA"
"MN122546.1 |Human respiratory syncytial virus A isolate RSVA/Portugal/H8-4/2017-18 attachment glycoprotein (G) gene, partial cds","853:ATACAACATCCGGCCAAGAGGAAACCCTCCACTCAACCACCTCCGAAGGCTATCCAAGCCCATCACAAGTCC"
"MN122545.1 |Human respiratory syncytial virus A isolate RSVA/Portugal/H11-14/2017-18 attachment glycoprotein (G) gene, partial cds","853:ACACAACATCCGGTCAAGAGAAGACCCTCCACTCAACCACCTCCGAAGGCTATCCAAGCCCATCACAAGCCC"
"MN122547.1 |Human respiratory syncytial virus A isolate RSVA/Portugal/H20-13/2017-18 attachment glycoprotein (G) gene, partial cds","798:GAGGAAACCCTCCACTCAACCACCTCCGAAGGCTATCTAAGCCCATCACAAGTCTATACAAC;800:CCGGTCAAGA"
"MN122548.1 |Human respiratory syncytial virus A isolate RSVA/Portugal/H19-18/2017-18 attachment glycoprotein (G) gene, partial cds","816:ACCACCTCCGAAGGCTATCCAAGCCTATCACAAGTCTATACAACATCCGGTCAAGAGGAAACCCTCC;820:AACCA"
"MN122549.1 |Human respiratory syncytial virus A isolate RSVA/Portugal/H19-19/2017-18 attachment glycoprotein (G) gene, partial cds","853:ACACAACATCCGGTCAAGAGAAGACCCTCCACTCAACCACCTCCGAAGGCTATCCAAGCCCATCACAAGCCC"
"MN122550.1 |Human respiratory syncytial virus A isolate RSVA/Portugal/H17-3/2017-18 attachment glycoprotein (G) gene, partial cds","799:AGGAAACCATCCACTCAACCACCTCCGAAGGCTATCCAAGCCCATCACAAGTCTACACAACATCCGGTCAAG"
"MN122551.1 |Human respiratory syncytial virus A isolate RSVA/Portugal/H20-12/2017-18 attachment glycoprotein (G) gene, partial cds","799:AGGAAACCATCCACTCAACCACCTCCGAAGGCTATCCAAGCCCATCACAAGTCTATACAACATCCGGTCAAG"
"MN122552.1 |Human respiratory syncytial virus A isolate RSVA/Portugal/H16-19/2017-18 attachment glycoprotein (G) gene, partial cds","799:AGGAAACCATCCACTCAACCACCTCCGAAGGCTATCCAAGCCCATCACAAGTCTATACAACATCCGGTCAAG"
"MN122553.1 |Human respiratory syncytial virus A isolate RSVA/Portugal/H18-15/2017-18 attachment glycoprotein (G) gene, partial cds","799:AGGAAACCCTCCACTCAACCACCTCCGAAGGCTATCCAAGCCCATCACAAGTCTATACAACATCCGGTCAAG"
"MN122555.1 |Human respiratory syncytial virus A isolate RSVA/Portugal/H14-8/2017-18 attachment glycoprotein (G) gene, partial cds","853:ACACAACATCCGGTCAAGAGGAAACCCTCCACTCAACCACCTCCGAAGGCTATCCAAGCCCATCACAAGCCC"
"MN122554.1 |Human respiratory syncytial virus A isolate RSVA/Portugal/H17-5/2017-18 attachment glycoprotein (G) gene, partial cds","798:GAAGAAACCCTCCACTCAACCACCTCCGAAGGCTATCCAAGCCCATCACAAGTCTATACAAC;800:CCGGTCAAGA"
"MN122556.1 |Human respiratory syncytial virus A isolate RSVA/Portugal/H16-11/2017-18 attachment glycoprotein (G) gene, partial cds","853:ATACAACATCCGGTCAAGAGGAAACCCTCCACTCAACCACCTCCGAAGGCTATCCAAGCCCATCACAAGTCC"
"MN122557.1 |Human respiratory syncytial virus A isolate RSVA/Portugal/H16-35/2017-18 attachment glycoprotein (G) gene, partial cds","846:CAAGTCTATACAACATCCGGTCAAGAGGAAACCCTCCACTCAACCACCTCCGAAGGCTATCTAAGCCCATCA"
"MN122558.1 |Human respiratory syncytial virus A isolate RSVA/Portugal/H18-14/2017-18 attachment glycoprotein (G) gene, partial cds","853:ATACAACATCCGGTCAAGAGGAAACCCTCCACTCTACCACCTCCGAAGGCTATCCAAGCCCATCACAAGTCC"
"MN122559.1 |Human respiratory syncytial virus A isolate RSVA/Portugal/H18-21/2017-18 attachment glycoprotein (G) gene, partial cds","853:ATACAACATCCGGTCAAGAGGAAACCCTCCACTCTACCACCTCCGAAGGCTATCCAAGCCCATCACAAGTCC"
"MN007033.1 |Human respiratory syncytial virus A strain 2426-GD-CHN-2018 attachment glycoprotein (G) gene, complete cds","787:AAACAAGTCAAGAGGAAACCCTCCTCTCAACCACCTCCGAAGGCTATCTAAGCCCA;793:GTCCATACAACATCCG"
"MN007036.1 |Human respiratory syncytial virus A strain 2111-GD-CHN-2018 attachment glycoprotein (G) gene, complete cds","787:AAACAAGTCAAGAGGAAACCCTCCTCTCAACCACCTCCGAAGGCTATCTAAGCCCA;793:ATCTATACAACATCCG"
"MN007035.1 |Human respiratory syncytial virus A strain 2087-GD-CHN-2018 attachment glycoprotein (G) gene, complete cds","801:GAAACCCTCCTCTCAACCACCTCCGAAGGCTATCTAAGCCCATCACAAGTCTATACAACATCCGGTCAAGAA"
"MN007034.1 |Human respiratory syncytial virus A strain 2079-GD-CHN-2018 attachment glycoprotein (G) gene, complete cds","787:AAACAAGTCAAGAGGAAACCCTCCTCTCAACCACCTCCGAAGGCTATCTAAGCCCA;793:GTCTATACAACATCCG"
"MN007037.1 |Human respiratory syncytial virus A strain 2293-GD-CHN-2018 attachment glycoprotein (G) gene, complete cds","787:AAACAAGTCAAGAGGAAACCCTCCTCTCAACCACCTCCGAAGGCTATCTAAGCCCA;793:GTCTATACAACATCCG"
"MN007038.1 |Human respiratory syncytial virus A strain 2889-GD-CHN-2018 attachment glycoprotein (G) gene, complete cds","864:GGTCAAGAGGAAACCCTCCACTCAACCACCTCCGAAGGCTATCTAAGCCCATCACAAGTCTATACAACATCT"
"MN007039.1 |Human respiratory syncytial virus A strain 2582-GD-CHN-2018 attachment glycoprotein (G) gene, complete cds","798:GAGGAAACCCTCCTCTCAACCACCTCCGAAGGCTATCTAAGCCCATCACTAGTCTATACAAC;800:CCGGTCAAGA"
"MN007041.1 |Human respiratory syncytial virus A strain 2509-GD-CHN-2018 attachment glycoprotein (G) gene, complete cds","787:AAACAAGTCAAGAGGAAACCCTCCTCTCAACCACCTCCGAAGGCTATCTAAGCCCA;793:GTCTATACAACATCCG"
"MN007040.1 |Human respiratory syncytial virus A strain 2939-GD-CHN-2018 attachment glycoprotein (G) gene, complete cds","787:AAACAAGTCAAGAGGAAACCCTCCTCTCAACCACCTCCGAAGGCTATCCAAGCCCA;793:GTCTATACAACATCCG"
"MN007043.1 |Human respiratory syncytial virus A strain 3432-GD-CHN-2018 attachment glycoprotein (G) gene, complete cds","787:AAACAAGTCAAGAGGAAACCCTCCTCTCAACCACCTCCGAAGGCTATCTAAGCCCA;793:GTCTATACAACATCCG"
"MN007042.1 |Human respiratory syncytial virus A strain 2392-GD-CHN-2018 attachment glycoprotein (G) gene, complete cds","798:GAGGAAACCCTCCACTCAACCACCTCCGAAGGCTATCTAAGCCCATCCCAAGTCTATACAAC;800:CCGGTCAAGA"
"MN007044.1 |Human respiratory syncytial virus A strain 2558-GD-CHN-2018 attachment glycoprotein (G) gene, complete cds","853:ACACAACATCCGGTCAAGAGGAGACCCTCCACTCAACCACCTCCGAAGGCTATCCAAGCCCATCACAAGCCC"
"MN007046.1 |Human respiratory syncytial virus A strain 3226-GD-CHN-2018 attachment glycoprotein (G) gene, complete cds","787:AAACAAGTCAAGAGGAAACCCTCCTCTCAACCACCTCCGAAGGCTATCTAAGCCCA;793:GTCTATACAACATCCG"
"MN007045.1 |Human respiratory syncytial virus A strain 2046-GD-CHN-2018 attachment glycoprotein (G) gene, complete cds","787:AAACAAGTCAAGAGGAAACCCTCCTCTCAACCACCTCCGAAGGCTATCTAAGCCCA;793:GTCTATACAACATCCG"
"MN007048.1 |Human respiratory syncytial virus A strain 2178-GD-CHN-2018 attachment glycoprotein (G) gene, complete cds","799:AGGAAACCCTCCACTCAACCACCTCCGAAGGCTATCTAAGCCCATCACAAGTCTATACAACATCCGGTCAAG"
"MN007049.1 |Human respiratory syncytial virus A strain 2459-GD-CHN-2018 attachment glycoprotein (G) gene, complete cds","787:AAACAAGTCAAGAGGAAACCCTCCTCTCAACCACCTCCGAAGGCTATCTAAGCCCA;793:GTCTATACAACATCCG"
"MN007047.1 |Human respiratory syncytial virus A strain 2053-GD-CHN-2018 attachment glycoprotein (G) gene, complete cds","787:AAACAAGTCAAGAGGAAACCCTCCTCTCAACCACCTCCGAAGGCTATCTAAGCCCA;793:GTCTATACAACATCCG"
"MN007052.1 |Human respiratory syncytial virus A strain 3267-GD-CHN-2018 attachment glycoprotein (G) gene, complete cds","787:AAACAAGTCAAGAGGAAACCCTCCTCTCAACCACCTCCGAAGGCTATCTAAGCCCA;793:GTCTATACAACATCCG"
"MN007054.1 |Human respiratory syncytial virus A strain 3499-GD-CHN-2018 attachment glycoprotein (G) gene, complete cds","787:AAACAAGTCAAGAGGAAACCCTCCTCTCAACCACCTCCGAAGGCTATCTAAGCCCA;793:GTCTATACAACATCCG"
"MN007051.1 |Human respiratory syncytial virus A strain 2814-GD-CHN-2018 attachment glycoprotein (G) gene, partial cds","787:AAACAAGTCAAGAGGAAACCCTCCTCTCAACCACCTCCGAAGGCTATCTAAGCCCA;793:GTCTATACAACATCCG"
"MN007053.1 |Human respiratory syncytial virus A strain 3416-GD-CHN-2018 attachment glycoprotein (G) gene, complete cds","787:AAACAAGTCAAGAGGAAACCCTCCTCTCAACCACCTCCGAAGGCTATCTAAGCCCA;793:GTCTATACAACATCCG"
"MN007055.1 |Human respiratory syncytial virus A strain 3507-GD-CHN-2018 attachment glycoprotein (G) gene, complete cds","787:AAACAAGTCAAGAGGAAACCCTCCTCTCAACCACCTCCGAAGGCTATCTAAGCCCA;793:GTCCATACAACATCCG"
"MN007056.1 |Human respiratory syncytial virus A strain 4232-GD-CHN-2018 attachment glycoprotein (G) gene, complete cds","846:CAAGTCTATACAACATCCGGTCAAGAGGAAACCCTCCACTCAACCACCTCCGAAGGCTATCTAAGCCCATCA"
"MN007057.1 |Human respiratory syncytial virus A strain 4372-GD-CHN-2018 attachment glycoprotein (G) gene, complete cds","787:AAACAAGTCAAGAGGAAACCCTCCTCTCAACCACCTCCGAAGGCTATCTAAGCCCA;793:GTCTATACAACATCCG"
"MN007050.1 |Human respiratory syncytial virus A strain 2475-GD-CHN-2018 attachment glycoprotein (G) gene, complete cds","798:GAGGTAACCCTCCACCCAACCACCTCCGAAGGCTATCCAAGCCCATCCCAAGTCTATACAAC;800:CCGGTCAAGA"
"MN007059.1 |Human respiratory syncytial virus A strain 4307-GD-CHN-2018 attachment glycoprotein (G) gene, complete cds","798:GAGGAAACCCTCCACTCAACCACCTCCGAGGGCTATCTAAGCCCATCACAAGTCTATACAAC;800:CCGGTCAAGA"
"MN007061.1 |Human respiratory syncytial virus A strain 5148-GD-CHN-2018 attachment glycoprotein (G) gene, complete cds","787:AAACAAGTCAAGAGGAAACCCTCCTCTCAACCACCTCCGAAGGCTATCTAAGCCCA;793:GTCTATACAACATCCG"
"MN007058.1 |Human respiratory syncytial virus A strain 2061-GD-CHN-2018 attachment glycoprotein (G) gene, complete cds","787:AAACAAGTCAAGAGGAAACCCTCCTCTCAACCACCTCCGAAGGCTATCTAAGCCCA;793:GTCTATACAACATCCG"
"MN007060.1 |Human respiratory syncytial virus A strain 4950-GD-CHN-2018 attachment glycoprotein (G) gene, complete cds","798:GAGGAAACCCTCCACTCAACCACCTCCGAGGGCTATCTAAGCCCATCACAAGTCTATACAAC;800:CCGGTCAAGA"
"MN007063.1 |Human respiratory syncytial virus A strain 5387-GD-CHN-2018 attachment glycoprotein (G) gene, complete cds","852:CATACAACATCCGGTCAAGAGGAAACCCTCCACCCAACCACCTCCGAAGGCCATCCAAGCCCACCACAAG;855:AC"
"MN007065.1 |Human respiratory syncytial virus A strain 3838-GD-CHN-2018 attachment glycoprotein (G) gene, complete cds","787:AAACAAGTCAAGAGGAAACCCTCCTCTCAACCACCTCCGAAGGCTATCTAAGCCCA;793:GTCTATACAACATCCG"
"MN007066.1 |Human respiratory syncytial virus A strain 5502-GD-CHN-2018 attachment glycoprotein (G) gene, complete cds","787:AAACAAGTCAAGAGGAAACCCTCCTCTCAACCACCTCCGAAGGCTATCTAAGCCCA;793:GTCTATACAACATCCG"
"MN007064.1 |Human respiratory syncytial virus A strain 2038-GD-CHN-2018 attachment glycoprotein (G) gene, complete cds","846:CAAGTCTATACAACATCCGGTCAAGAGGAAACCCTCCACTCAACCACCTCCGAAGGCTATCTAAGCCCATCA"
"MN007062.1 |Human respiratory syncytial virus A strain 5262-GD-CHN-2018 attachment glycoprotein (G) gene, complete cds","787:AAACAAGTCAAGAGGAAACCCTCCTCTCAACCACCTCCGAAGGCTATCTAAGCCCA;793:GTCTATACAACATCCG"
"MN007067.1 |Human respiratory syncytial virus A strain 4422-GD-CHN-2018 attachment glycoprotein (G) gene, partial cds","787:AAACAAGTCAAGAGGAAACCCTCCTTTCAACCACCTCCGAAGGCTATCTAAGCCCA;793:GTCTATACAACATCCG"
"MN007068.1 |Human respiratory syncytial virus A strain 5296-GD-CHN-2018 attachment glycoprotein (G) gene, complete cds","853:ACACAACATCCGGTCAAGAGGAAACCCTCCACTCAACCACCTCCGAAGGCTATCCAAG;855:CATCACAAGCCCAC"
"MN007069.1 |Human respiratory syncytial virus A strain 5585-GD-CHN-2019 attachment glycoprotein (G) gene, complete cds","798:GAGGAAACCCTCCACTCAACCACCTCCGAAGGCTATCTAAGCCCATCCCAAGTCTACACAAC;800:CCGGTCAAGA"
"MN007070.1 |Human respiratory syncytial virus A strain 5619-GD-CHN-2019 attachment glycoprotein (G) gene, complete cds","846:CAAGTCTATACAACATCCGGTCAAGAGGAAACCCTCCACTCAACCACCTCCGAAGGCTATCTAAGCCCATCA"
"MN007072.1 |Human respiratory syncytial virus A strain 5726-GD-CHN-2019 attachment glycoprotein (G) gene, complete cds","853:ACACAACATCCGGTCAAGAGGAAACCCTCCACTCAACCACCTCCGAAGGCTATCCAAG;855:CATCACAAGCCCAC"
"MN007073.1 |Human respiratory syncytial virus A strain 5775-GD-CHN-2019 attachment glycoprotein (G) gene, complete cds","852:CATACAACATCCGGTCAAGAGGAAACCCTCCACCCAACCACCTCCGAAGGCCATCCAAGCCCACCACAAG;855:AC"
"MN007075.1 |Human respiratory syncytial virus A strain 5908-GD-CHN-2019 attachment glycoprotein (G) gene, complete cds","787:AAACAAGTCAAGAGGAAACCCTCCTCTCAACCACCTCCGAAGGCTATCTAAGCCCA;793:GTCTATACAACATCCG"
"MN007076.1 |Human respiratory syncytial virus A strain 6096-GD-CHN-2019 attachment glycoprotein (G) gene, complete cds","787:AAACAAGTCAAGAGGAAACCCTCCTCTCAACCACCTCCGAAGGCTATCTAAGCCCA;793:GTCTATACAACATCCG"
"MN007077.1 |Human respiratory syncytial virus A strain 5700-GD-CHN-2019 attachment glycoprotein (G) gene, complete cds","864:GGTCAAGAGGAAACCCTCCACTCAACCACCACCGAAGGCTATCTAAGCCCATCACAAGTCTACACAACATCT"
"MN007071.1 |Human respiratory syncytial virus A strain 5676-GD-CHN-2019 attachment glycoprotein (G) gene, complete cds","798:GAGGAAACCCTCCACTCAACCACCTCCGAAGGCTATCTAAGCCCATCCCAAGTCTACACAAC;800:CCGGTCAAGA"
"MN007074.1 |Human respiratory syncytial virus A strain 5536-GD-CHN-2019 attachment glycoprotein (G) gene, complete cds","787:AAACAAGTCAAGAGGAAACCCTCCTCTCAACCACCTCCGAAGGCTATCTAAGCCCA;793:GTCTATACAACATCCG"
"MN007078.1 |Human respiratory syncytial virus A strain 5866-GD-CHN-2019 attachment glycoprotein (G) gene, complete cds","787:AAACAAGTCAAGAGGAAACCCTCCTCTCAACCACCTCCGAAGGCTATCTAAGCCCA;793:GTCTATACAACATCCG"
"MN007079.1 |Human respiratory syncytial virus A strain 5015-GD-CHN-2018 attachment glycoprotein (G) gene, complete cds","798:GAGGAAATCCTCCACTCAACCACCTCCGAAGGCTATCCAAGCCCATCACAAGTCCACACAAC;800:CCGGTCAAGA"
"MN007080.1 |Human respiratory syncytial virus A strain 4075-GD-CHN-2018 attachment glycoprotein (G) gene, complete cds","853:ACACAACATCCGGTCAAGAGGAAACCCTCCACTCAACCACCTCCGAAGGCTATCCAAG;855:CATCACAAGCCCAC"
"MN007081.1 |Human respiratory syncytial virus A strain 3697-GD-CHN-2018 attachment glycoprotein (G) gene, complete cds","787:AAACAAGTCAAGAGGAAACCCTCCTCTCAACTACCTCCGAAGGCTATCTAAGCCCA;793:GTCTATACAACATCCG"
"MN007083.1 |Human respiratory syncytial virus A strain 5379-GD-CHN-2018 attachment glycoprotein (G) gene, complete cds","787:AAACAAGTCAAGAGGAAACCCTCCTCTCAACCACCTCCGAAGGCTATCTAAGCCCA;793:GTCTATACAACATCCG"
"MN007082.1 |Human respiratory syncytial virus A strain 4810-GD-CHN-2018 attachment glycoprotein (G) gene, complete cds","798:GAGGAAACCCTCCACTCAACCACCTCCGAGGGCTATCTAAGCCCATCACAAGTCTATACAAC;800:CCGGTCAAGA"
"MK720784.1 |Human respiratory syncytial virus A strain RSV/S22-CNI/CO/2018 attachment glycoprotein gene, partial cds","0:GTCATAACAATGAACTAGGATATTAAGACCAAAAACAACGCT"
"MK720785.1 |Human respiratory syncytial virus A strain RSV/S61-CNI/CO/2018 attachment glycoprotein gene, partial cds",""
"MN007084.1 |Human respiratory syncytial virus A strain 2970-GD-CHN-2018 attachment glycoprotein (G) gene, complete cds","787:AAACAAGTCAAGAGGAAACCCTCCTCTCAACCACCTCCAAAGGCTATCTAAGCCCA;793:GTCTATACAACATCCG"
"MN007085.1 |Human respiratory syncytial virus A strain 5403-GD-CHN-2018 attachment glycoprotein (G) gene, complete cds","786:CAAACAAGTCAAGAGGAAACCCTCCTCTTAACCACCTCCGAAGTCTCTTTAAGCCC;793:GTTTCTGCACCATCCG"
"MH129254.1 |Human respiratory syncytial virus A isolate NSVH100756055/2017-2018 attachment glycoprotein (G) gene, partial cds","852:CATACAACATCCGGTCAAGAGGATACCCTCCACTCAACCACCCCCGAAGGCTATCTAAGCCCATCACAAA;854:CA"
"MH129253.1 |Human respiratory syncytial virus A isolate NSVH110580597/2017-2018 attachment glycoprotein (G) gene, partial cds","853:ATACAACATCCGGTCAAGAGGAAACCCTCCACTCAACCACCTCCGAAAGCTATCCAAGCCCATCACAAGTCC"
"MH129255.1 |Human respiratory syncytial virus A isolate NSVH100752013/2017-2018 attachment glycoprotein (G) gene, partial cds","855:ACAACATCCGGTCAAGAGGAAACCCCCCACTCAACCACCTCCGAAGGCTATCCAAGCCCATCACAAGTCCAC"
"MH129263.1 |Human respiratory syncytial virus A isolate NSVH100772063/2017-2018 attachment glycoprotein (G) gene, partial cds","855:ACAACATCCGGTCAAGAGGAAACCCCCCACTCAACCACCTCCGAAGGCTATCCAAGCCCATCACAAGTCCAC"
"MH129265.1 |Human respiratory syncytial virus A isolate NSVH100770409/2017-2018 attachment glycoprotein (G) gene, partial cds","853:ATACAACATCCGGTCAAGAGGAAACCCTCCACTCTACCACCTCCGAAGGCTATCCAAGCCCATCACAAGTCC"
"MH129266.1 |Human respiratory syncytial virus A isolate NSVH100772053/2017-2018 attachment glycoprotein (G) gene, partial cds","853:ATACAACATCCGGTCAAGAGGAAACCCTCCACTCTACCACCTCCGAAGGCTATCCAAGCCCATCACAAGTCC"
"MH129268.1 |Human respiratory syncytial virus A isolate NSVH100770870/2017-2018 attachment glycoprotein (G) gene, partial cds","853:ATACAACATCCGGTCAAGAGGAAACCCTCCACTCTACCACCTCCGAAGGCTATCCAAGCCCATCACAAGTCC"
"MH129259.1 |Human respiratory syncytial virus A isolate NSVH100763470/2017-2018 attachment glycoprotein (G) gene, partial cds","802:AAACCCTCCACTCAACCACCTCCGAAGGCTATCCAAGCCCATCACAAGTCTATACAACATCCGGTCAAGAGA"
"MH129278.1 |Human respiratory syncytial virus A isolate NSVH100753742/2017-2018 attachment glycoprotein (G) gene, partial cds","853:ATACAACATCCGGTCAAGAGGAAACCCTCCACTCAACCACCTCCGAAGGCTATCCAAGCCCATCACAAGTCC"
"MH129275.1 |Human respiratory syncytial virus A isolate NSVH100755729/2017-2018 attachment glycoprotein (G) gene, partial cds","798:GAGGAAACCCTCCACTCAACCACCTCCGAAGGCTATCTAAGCCCATCCCAAGTCTATACAAC;800:CCAGTCAAGA"
"MH129279.1 |Human respiratory syncytial virus A isolate NSVH100758553/2017-2018 attachment glycoprotein (G) gene, partial cds","853:ATACAACATCCGGTCAAGAGGAAACCCTCCACTCAACCACCTCCGAAGGCTATCCAAGCCCATCACAAGTCC"
"MH129280.1 |Human respiratory syncytial virus A isolate NSVH100755081/2017-2018 attachment glycoprotein (G) gene, partial cds","853:ATACAACATCCGGTCAAGAGGAAACCCTCCACTCAACCACCTCCGAAGGCTATCCAAGCCCATCACAAGTCC"
"MH129281.1 |Human respiratory syncytial virus A isolate NSVH100759856/2017-2018 attachment glycoprotein (G) gene, partial cds","853:ATACAACATCCGGTCAAGAGGAAACCCTCCACTCAACCACCTCCGAAGGCTATCCAAGCCCATCACAAGTCC"
"MH129282.1 |Human respiratory syncytial virus A isolate NSVH100766510/2017-2018 attachment glycoprotein (G) gene, partial cds","853:ATACAACATCCGGTCAAGAGGAAACCCTCCACTCAACCACCTCCGAAGGCTATCCAAGCCCATCACAAGTCC"
"MH129283.1 |Human respiratory syncytial virus A isolate NSVH100769066/2017-2018 attachment glycoprotein (G) gene, partial cds","853:ATACAACATCCGGTCAAGAGGAAACCCTCCACTCAACCACCTCCGAAGGCTATCCAAGCCCATCACAAGTCC"
"MH129285.1 |Human respiratory syncytial virus A isolate NSVH100772092/2017-2018 attachment glycoprotein (G) gene, partial cds","853:ATACAACATCCGGTCAAGAGGAAACCCTCCACTCAACCACCTCCGAAGGCTATCCAAGCCCATCACAAGTCC"
"MH129286.1 |Human respiratory syncytial virus A isolate NSVH100772399/2017-2018 attachment glycoprotein (G) gene, partial cds","853:ATACAACATCCGGTCAAGAGGAAACCCTCCACTCAACCACCTCCGAAGGCTATCCAAGCCCATCACAAGTCC"
"MH129302.1 |Human respiratory syncytial virus A isolate NSVH100750029/2017-2018 attachment glycoprotein (G) gene, partial cds","855:ACAACATCCGGTCAAGAGGAAACCCCCCACTCAACCACCTCCGAAGGCTATCCAAGCCCATCACAAGTCCAC"
"MH129306.1 |Human respiratory syncytial virus A isolate NSVH100750414/2017-2018 attachment glycoprotein (G) gene, partial cds","798:GAGGAAACCCTCCACTCAACCACCTCCGAAGGCTATCCAGGCCCATCACAAGTCTACACAAC;800:CCGGTCAAGA"
"MH129307.1 |Human respiratory syncytial virus A isolate NSVH100768714/2017-2018 attachment glycoprotein (G) gene, partial cds","798:GAGGAAACCCTCCACTCAACCACCTCCGAAGGCTATCCAGGCCCATCACAAGTCTACACAAC;800:CCGGTCAAGA"
"MH129303.1 |Human respiratory syncytial virus A isolate NSVH100765971/2017-2018 attachment glycoprotein (G) gene, partial cds","855:ACAACATCCGGTCAAGAGGAAACCCCCCACTCAACCACCTCCGAAGGCTATCCAAGCCCATCACAAGTCCAC"
