allele	gene	feature	feature_type	consequence	symbol	biotype	amino_acids	codons	existing_variation	exon	intron	condel	splice_consensus	hgvsc	hgvsp	cds_position	protein_position	Chrom	Pos	SNP ID	Variant Quality	Filters	Genomic Ref	Alt Alleles
A	ENSG00000152404	ENST00000282251	Transcript	stop_gained&splice_region_variant	CWF19L2	protein_coding	Q/*	Cag/Tag	rs777438972&COSM1604014&COSM1604013	14/18			-		ENSP00000282251.5:p.Gln734Ter	2200	734	11	107219665	rs777438972	6960	.	G	A
G	ENSG00000152404	ENST00000282251	Transcript	missense_variant	CWF19L2	protein_coding	C/R	Tgc/Cgc	rs148507563	15/18		deleterious(0.867)	-	ENST00000282251.5:c.2251A>C	ENSP00000282251.5:p.Cys751Arg	2251	751	11	107207391	rs148507563	2040	.	A	G
																								
																								
																								
																								
																								
																								
																								
																								
																								
																								
																								
																								
																								
																								
																								
																								
																								
																								
																								
																								
																								
																								
																								
																								
																								
																								
																								
																								
																								
																								
																								
																								
																								
																								
																								
																								
																								
																								
																								
																								
																								
																								
																								
																								
																								
																								
																								
																								
																								
																								
																								
																								
																								
																								
																								
																								
																								
																								
																								
																								
																								
																								
																								
																								
																								
																								
																								
																								
																								
																								
																								
																								
																								
																								
																								
																								
																								
																								
																								
																								
																								
																								
																								
																								
																								
																								
																								
																								
																								
																								
																								
																								
																								
																								
																								
																								
																								
																								
																								
																								
																								
																								
																								
																								
																								
																								
																								
																								
																								
																								
																								
																								
																								
																								
																								
																								
																								
																								
																								
																								
																								
																								
																								
																								
																								
																								
																								
																								
																								
																								
																								
																								
																								
																								
																								
																								
																								
																								
																								
																								
																								
																								
																								