symbol,count,protein_position
MMUT,4,1
MMUT,5,30
MMUT,6,31
MMUT,3,43
MMUT,2,50
MMUT,4,54
MMUT,1,55
MMUT,2,58
MMUT,5,93
MMUT,2,100
MMUT,1,105
MMUT,7,108
MMUT,5,110
MMUT,4,121
MMUT,1,126
MMUT,3,132
MMUT,2,133
MMUT,2,134
MMUT,1,137
MMUT,5,141
MMUT,1,143
MMUT,1,148
MMUT,5,152
MMUT,1,166
MMUT,4,174
MMUT,2,182
MMUT,1,189
MMUT,9,191
MMUT,3,203
MMUT,1,208
MMUT,1,215
MMUT,2,216
MMUT,7,218
MMUT,17,219
MMUT,1,221
MMUT,2,228
MMUT,2,230
MMUT,3,231
MMUT,1,244
MMUT,1,262
MMUT,1,276
MMUT,1,281
MMUT,2,284
MMUT,2,288
MMUT,2,295
MMUT,2,305
MMUT,1,325
MMUT,1,326
MMUT,6,328
MMUT,1,341
MMUT,1,344
MMUT,2,347
MMUT,1,353
MMUT,2,356
MMUT,1,358
MMUT,2,359
MMUT,2,361
MMUT,1,366
MMUT,16,369
MMUT,1,370
MMUT,1,380
MMUT,2,387
MMUT,1,394
MMUT,8,403
MMUT,4,414
MMUT,1,426
MMUT,2,427
MMUT,2,438
MMUT,1,454
MMUT,3,467
MMUT,4,471
MMUT,3,474
MMUT,6,490
MMUT,4,511
MMUT,1,514
MMUT,1,515
MMUT,1,530
MMUT,1,552
MMUT,1,553
MMUT,1,557
MMUT,14,558
MMUT,2,564
MMUT,1,587
MMUT,1,594
MMUT,1,598
MMUT,4,603
MMUT,16,615
MMUT,3,616
MMUT,2,625
MMUT,2,627
MMUT,2,629
MMUT,4,630
MMUT,1,638
MMUT,1,640
MMUT,6,655
MMUT,1,670
MMUT,8,694
MMUT,1,700
MMUT,2,706
MMUT,1,717
MMUT,2,720
MMUT,6,727
MMUT,1,734
MMUT,1,736
MMUT,2,762
